Period,Australia,Austria,Belgium,Canada,Chile,Colombia,Costa Rica,Czechia,Denmark,Estonia,Euro area (20 countries),European Union (27 countries from 01/02/2020),Finland,France,G7,Germany,Greece,Hungary,Iceland,Ireland,Israel,Italy,Japan,Korea,Latvia,Lithuania,Luxembourg,Mexico,Netherlands,New Zealand,Norway,OECD,Poland,Portugal,Slovak Republic,Slovenia,Spain,Sweden,Switzerland,Turkey,United Kingdom,United States
1955-Q1,-100,-100,-100,4.8,-100,-100,-100,-100,-100,-100,-100,-100,-100,-100,-100,-100,-100,-100,-100,-100,-100,-100,2.466667,-100,-100,-100,-100,-100,-100,-100,-100,-100,-100,-100,-100,-100,-100,-100,-100,-100,-100,4.733333
1955-Q2,-100,-100,-100,4.433333,-100,-100,-100,-100,-100,-100,-100,-100,-100,-100,-100,-100,-100,-100,-100,-100,-100,-100,2.5,-100,-100,-100,-100,-100,-100,-100,-100,-100,-100,-100,-100,-100,-100,-100,-100,-100,-100,4.4
1955-Q3,-100,-100,-100,4.066667,-100,-100,-100,-100,-100,-100,-100,-100,-100,-100,-100,-100,-100,-100,-100,-100,-100,-100,2.6,-100,-100,-100,-100,-100,-100,-100,-100,-100,-100,-100,-100,-100,-100,-100,-100,-100,-100,4.1
1955-Q4,-100,-100,-100,3.833333,-100,-100,-100,-100,-100,-100,-100,-100,-100,-100,-100,-100,-100,-100,-100,-100,-100,-100,2.5,-100,-100,-100,-100,-100,-100,-100,-100,-100,-100,-100,-100,-100,-100,-100,-100,-100,-100,4.233333
1956-Q1,-100,-100,-100,3.7,-100,-100,-100,-100,-100,-100,-100,-100,-100,-100,-100,-100,-100,-100,-100,-100,-100,-100,2.6,-100,-100,-100,-100,-100,-100,-100,-100,-100,-100,-100,-100,-100,-100,-100,-100,-100,-100,4.033333
1956-Q2,-100,-100,-100,3.366667,-100,-100,-100,-100,-100,-100,-100,-100,-100,-100,-100,-100,-100,-100,-100,-100,-100,-100,2.3,-100,-100,-100,-100,-100,-100,-100,-100,-100,-100,-100,-100,-100,-100,-100,-100,-100,-100,4.2
1956-Q3,-100,-100,-100,3.033333,-100,-100,-100,-100,-100,-100,-100,-100,-100,-100,-100,-100,-100,-100,-100,-100,-100,-100,2.133333,-100,-100,-100,-100,-100,-100,-100,-100,-100,-100,-100,-100,-100,-100,-100,-100,-100,-100,4.133333
1956-Q4,-100,-100,-100,3.1,-100,-100,-100,-100,-100,-100,-100,-100,-100,-100,-100,-100,-100,-100,-100,-100,-100,-100,2.166667,-100,-100,-100,-100,-100,-100,-100,-100,-100,-100,-100,-100,-100,-100,-100,-100,-100,-100,4.133333
1957-Q1,-100,-100,-100,3.933333,-100,-100,-100,-100,-100,-100,-100,-100,-100,-100,-100,-100,-100,-100,-100,-100,-100,-100,2.033333,-100,-100,-100,-100,-100,-100,-100,-100,-100,-100,-100,-100,-100,-100,-100,-100,-100,-100,3.933333
1957-Q2,-100,-100,-100,4.133333,-100,-100,-100,-100,-100,-100,-100,-100,-100,-100,-100,-100,-100,-100,-100,-100,-100,-100,1.9,-100,-100,-100,-100,-100,-100,-100,-100,-100,-100,-100,-100,-100,-100,-100,-100,-100,-100,4.1
1957-Q3,-100,-100,-100,4.933333,-100,-100,-100,-100,-100,-100,-100,-100,-100,-100,-100,-100,-100,-100,-100,-100,-100,-100,1.866667,-100,-100,-100,-100,-100,-100,-100,-100,-100,-100,-100,-100,-100,-100,-100,-100,-100,-100,4.233333
1957-Q4,-100,-100,-100,6,-100,-100,-100,-100,-100,-100,-100,-100,-100,-100,-100,-100,-100,-100,-100,-100,-100,-100,1.9,-100,-100,-100,-100,-100,-100,-100,-100,-100,-100,-100,-100,-100,-100,-100,-100,-100,-100,4.933333
1958-Q1,-100,-100,-100,6.666667,-100,-100,-100,-100,-100,-100,-100,-100,-100,-100,-100,-100,-100,-100,-100,-100,-100,-100,1.933333,-100,-100,-100,-100,-100,-100,-100,-100,-100,-100,-100,-100,-100,-100,-100,-100,-100,-100,6.3
1958-Q2,-100,-100,-100,7.266667,-100,-100,-100,-100,-100,-100,-100,-100,-100,-100,-100,-100,-100,-100,-100,-100,-100,-100,2.066667,-100,-100,-100,-100,-100,-100,-100,-100,-100,-100,-100,-100,-100,-100,-100,-100,-100,-100,7.366667
1958-Q3,-100,-100,-100,7.366667,-100,-100,-100,-100,-100,-100,-100,-100,-100,-100,-100,-100,-100,-100,-100,-100,-100,-100,2.166667,-100,-100,-100,-100,-100,-100,-100,-100,-100,-100,-100,-100,-100,-100,-100,-100,-100,-100,7.333333
1958-Q4,-100,-100,-100,7.233333,-100,-100,-100,-100,-100,-100,-100,-100,-100,-100,-100,-100,-100,-100,-100,-100,-100,-100,2.1,-100,-100,-100,-100,-100,-100,-100,-100,-100,-100,-100,-100,-100,-100,-100,-100,-100,-100,6.366667
1959-Q1,-100,-100,-100,6.233333,-100,-100,-100,-100,-100,-100,-100,-100,-100,-100,-100,-100,-100,-100,-100,-100,-100,-100,2.433333,-100,-100,-100,-100,-100,-100,-100,-100,-100,-100,-100,-100,-100,-100,-100,-100,-100,-100,5.833333
1959-Q2,-100,-100,-100,5.9,-100,-100,-100,-100,-100,-100,-100,-100,-100,-100,-100,-100,-100,-100,-100,-100,-100,-100,2.233333,-100,-100,-100,-100,-100,-100,-100,-100,-100,-100,-100,-100,-100,-100,-100,-100,-100,-100,5.1
1959-Q3,-100,-100,-100,5.6,-100,-100,-100,-100,-100,-100,-100,-100,-100,-100,-100,-100,-100,-100,-100,-100,-100,-100,2.2,-100,-100,-100,-100,-100,-100,-100,-100,-100,-100,-100,-100,-100,-100,-100,-100,-100,-100,5.266667
1959-Q4,-100,-100,-100,5.766667,-100,-100,-100,-100,-100,-100,-100,-100,-100,-100,-100,-100,-100,-100,-100,-100,-100,-100,1.966667,-100,-100,-100,-100,-100,-100,-100,-100,-100,-100,-100,-100,-100,-100,-100,-100,-100,-100,5.6
1960-Q1,-100,-100,-100,6.333333,-100,-100,-100,-100,-100,-100,-100,-100,-100,-100,-100,-100,-100,-100,-100,-100,-100,-100,1.766667,-100,-100,-100,-100,-100,-100,-100,-100,-100,-100,-100,-100,-100,-100,-100,-100,-100,-100,5.133333
1960-Q2,-100,-100,-100,6.9,-100,-100,-100,-100,-100,-100,-100,-100,-100,-100,-100,-100,-100,-100,-100,-100,-100,-100,1.666667,-100,-100,-100,-100,-100,-100,-100,-100,-100,-100,-100,-100,-100,-100,-100,-100,-100,-100,5.233333
1960-Q3,-100,-100,-100,7.4,-100,-100,-100,-100,-100,-100,-100,-100,-100,-100,-100,-100,-100,-100,-100,-100,-100,-100,1.566667,-100,-100,-100,-100,-100,-100,-100,-100,-100,-100,-100,-100,-100,-100,-100,-100,-100,-100,5.533333
1960-Q4,-100,-100,-100,7.566667,-100,-100,-100,-100,-100,-100,-100,-100,-100,-100,-100,-100,-100,-100,-100,-100,-100,-100,1.466667,-100,-100,-100,-100,-100,-100,-100,-100,-100,-100,-100,-100,-100,-100,-100,-100,-100,-100,6.266667
1961-Q1,-100,-100,-100,7.633333,-100,-100,-100,-100,-100,-100,-100,-100,-100,-100,-100,-100,-100,-100,-100,-100,-100,-100,1.433333,-100,-100,-100,-100,-100,-100,-100,-100,-100,-100,-100,-100,-100,-100,-100,-100,-100,-100,6.8
1961-Q2,-100,-100,-100,7.533333,-100,-100,-100,-100,-100,-100,-100,-100,-100,-100,-100,-100,-100,-100,-100,-100,-100,-100,1.466667,-100,-100,-100,-100,-100,-100,-100,-100,-100,-100,-100,-100,-100,-100,-100,-100,-100,-100,7
1961-Q3,-100,-100,-100,6.966667,-100,-100,-100,-100,-100,-100,-100,-100,-100,-100,-100,-100,-100,-100,-100,-100,-100,-100,1.433333,-100,-100,-100,-100,-100,-100,-100,-100,-100,-100,-100,-100,-100,-100,-100,-100,-100,-100,6.766667
1961-Q4,-100,-100,-100,6.2,-100,-100,-100,-100,-100,-100,-100,-100,-100,-100,-100,-100,-100,-100,-100,-100,-100,-100,1.433333,-100,-100,-100,-100,-100,-100,-100,-100,-100,-100,-100,-100,-100,-100,-100,-100,-100,-100,6.2
1962-Q1,-100,-100,-100,6.066667,-100,-100,-100,-100,-100,-100,-100,-100,-100,-100,-100,-100,-100,-100,-100,-100,-100,-100,1.3,-100,-100,-100,-100,-100,-100,-100,-100,-100,-100,-100,-100,-100,-100,-100,-100,-100,-100,5.633333
1962-Q2,-100,-100,-100,5.733333,-100,-100,-100,-100,-100,-100,-100,-100,-100,-100,-100,-100,-100,-100,-100,-100,-100,-100,1.3,-100,-100,-100,-100,-100,-100,-100,-100,-100,-100,-100,-100,-100,-100,-100,-100,-100,-100,5.533333
1962-Q3,-100,-100,-100,5.8,-100,-100,-100,-100,-100,-100,-100,-100,-100,-100,-100,-100,-100,-100,-100,-100,-100,-100,1.233333,-100,-100,-100,-100,-100,-100,-100,-100,-100,-100,-100,-100,-100,-100,-100,-100,-100,-100,5.566667
1962-Q4,-100,-100,-100,5.866667,-100,-100,-100,-100,-100,-100,-100,-100,-100,-100,-100,-100,-100,-100,-100,-100,-100,-100,1.333333,-100,-100,-100,-100,-100,-100,-100,-100,-100,-100,-100,-100,-100,-100,-100,-100,-100,-100,5.533333
1963-Q1,-100,-100,-100,5.866667,-100,-100,-100,-100,-100,-100,-100,-100,-100,-100,-100,-100,-100,-100,-100,-100,-100,-100,1.4,-100,-100,-100,-100,-100,-100,-100,-100,-100,-100,-100,-100,-100,-100,-100,-100,-100,-100,5.766667
1963-Q2,-100,-100,-100,5.633333,-100,-100,-100,-100,-100,-100,-100,-100,-100,-100,-100,-100,-100,-100,-100,-100,-100,-100,1.2,-100,-100,-100,-100,-100,-100,-100,-100,-100,-100,-100,-100,-100,-100,-100,-100,-100,-100,5.733333
1963-Q3,-100,-100,-100,5.333333,-100,-100,-100,-100,-100,-100,-100,-100,-100,-100,-100,-100,-100,-100,-100,-100,-100,-100,1.2,-100,-100,-100,-100,-100,-100,-100,-100,-100,-100,-100,-100,-100,-100,-100,-100,-100,-100,5.5
1963-Q4,-100,-100,-100,5.1,-100,-100,-100,-100,-100,-100,-100,-100,-100,-100,-100,-100,-100,-100,-100,-100,-100,-100,1.233333,-100,-100,-100,-100,-100,-100,-100,-100,-100,-100,-100,-100,-100,-100,-100,-100,-100,-100,5.566667
1964-Q1,-100,-100,-100,4.866667,-100,-100,-100,-100,-100,-100,-100,-100,-100,-100,-100,-100,-100,-100,-100,-100,-100,-100,1.233333,-100,-100,-100,-100,-100,-100,-100,-100,-100,-100,-100,-100,-100,-100,-100,-100,-100,-100,5.466667
1964-Q2,-100,-100,-100,4.766667,-100,-100,-100,-100,-100,-100,-100,-100,-100,-100,-100,-100,-100,-100,-100,-100,-100,-100,1.166667,-100,-100,-100,-100,-100,-100,-100,-100,-100,-100,-100,-100,-100,-100,-100,-100,-100,-100,5.2
1964-Q3,-100,-100,-100,4.566667,-100,-100,-100,-100,-100,-100,-100,-100,-100,-100,-100,-100,-100,-100,-100,-100,-100,-100,1.166667,-100,-100,-100,-100,-100,-100,-100,-100,-100,-100,-100,-100,-100,-100,-100,-100,-100,-100,5
1964-Q4,-100,-100,-100,4.433333,-100,-100,-100,-100,-100,-100,-100,-100,-100,-100,-100,-100,-100,-100,-100,-100,-100,-100,1.1,-100,-100,-100,-100,-100,-100,-100,-100,-100,-100,-100,-100,-100,-100,-100,-100,-100,-100,4.966667
1965-Q1,-100,-100,-100,4.133333,-100,-100,-100,-100,-100,-100,-100,-100,-100,-100,-100,-100,-100,-100,-100,-100,-100,-100,1.133333,-100,-100,-100,-100,-100,-100,-100,-100,-100,-100,-100,-100,-100,-100,-100,-100,-100,-100,4.9
1965-Q2,-100,-100,-100,4.166667,-100,-100,-100,-100,-100,-100,-100,-100,-100,-100,-100,-100,-100,-100,-100,-100,-100,-100,1.233333,-100,-100,-100,-100,-100,-100,-100,-100,-100,-100,-100,-100,-100,-100,-100,-100,-100,-100,4.666667
1965-Q3,-100,-100,-100,3.766667,-100,-100,-100,-100,-100,-100,-100,-100,-100,-100,-100,-100,-100,-100,-100,-100,-100,-100,1.266667,-100,-100,-100,-100,-100,-100,-100,-100,-100,-100,-100,-100,-100,-100,-100,-100,-100,-100,4.366667
1965-Q4,-100,-100,-100,3.4,-100,-100,-100,-100,-100,-100,-100,-100,-100,-100,-100,-100,-100,-100,-100,-100,-100,-100,1.3,-100,-100,-100,-100,-100,-100,-100,-100,-100,-100,-100,-100,-100,-100,-100,-100,-100,-100,4.1
1966-Q1,-100,-100,-100,3.366667,-100,-100,-100,-100,-100,-100,-100,-100,-100,-100,-100,-100,-100,-100,-100,-100,-100,-100,1.366667,-100,-100,-100,-100,-100,-100,-100,-100,-100,-100,-100,-100,-100,-100,-100,-100,-100,-100,3.866667
1966-Q2,-100,-100,-100,3.1,-100,-100,-100,-100,-100,-100,-100,-100,-100,-100,-100,-100,-100,-100,-100,-100,-100,-100,1.333333,-100,-100,-100,-100,-100,-100,-100,-100,-100,-100,-100,-100,-100,-100,-100,-100,-100,-100,3.833333
1966-Q3,1.8,-100,-100,3.433333,-100,-100,-100,-100,-100,-100,-100,-100,-100,-100,-100,-100,-100,-100,-100,-100,-100,-100,1.3,-100,-100,-100,-100,-100,-100,-100,-100,-100,-100,-100,-100,-100,-100,-100,-100,-100,-100,3.766667
1966-Q4,1.7,-100,-100,3.4,-100,-100,-100,-100,-100,-100,-100,-100,-100,-100,-100,-100,-100,-100,-100,-100,-100,-100,1.266667,-100,-100,-100,-100,-100,-100,-100,-100,-100,-100,-100,-100,-100,-100,-100,-100,-100,-100,3.7
1967-Q1,1.8,-100,-100,3.7,-100,-100,-100,-100,-100,-100,-100,-100,-100,-100,-100,-100,-100,-100,-100,-100,-100,-100,1.3,-100,-100,-100,-100,-100,-100,-100,-100,-100,-100,-100,-100,-100,-100,-100,-100,-100,-100,3.833333
1967-Q2,2,-100,-100,3.733333,-100,-100,-100,-100,-100,-100,-100,-100,-100,-100,-100,-100,-100,-100,-100,-100,-100,-100,1.266667,-100,-100,-100,-100,-100,-100,-100,-100,-100,-100,-100,-100,-100,-100,-100,-100,-100,-100,3.833333
1967-Q3,1.9,-100,-100,3.666667,-100,-100,-100,-100,-100,-100,-100,-100,-100,-100,-100,-100,-100,-100,-100,-100,-100,-100,1.166667,-100,-100,-100,-100,-100,-100,-100,-100,-100,-100,-100,-100,-100,-100,-100,-100,-100,-100,3.8
1967-Q4,1.8,-100,-100,4.166667,-100,-100,-100,-100,-100,-100,-100,-100,-100,-100,-100,-100,-100,-100,-100,-100,-100,-100,1.266667,-100,-100,-100,-100,-100,-100,-100,-100,-100,-100,-100,-100,-100,-100,-100,-100,-100,-100,3.9
1968-Q1,1.9,-100,-100,4.433333,-100,-100,-100,-100,-100,-100,-100,-100,-100,-100,-100,-100,-100,-100,-100,-100,-100,-100,1.266667,-100,-100,-100,-100,-100,-100,-100,-100,-100,-100,-100,-100,-100,-100,-100,-100,-100,-100,3.733333
1968-Q2,1.9,-100,-100,4.533333,-100,-100,-100,-100,-100,-100,-100,-100,-100,-100,-100,-100,-100,-100,-100,-100,-100,-100,1.166667,-100,-100,-100,-100,-100,-100,-100,-100,-100,-100,-100,-100,-100,-100,-100,-100,-100,-100,3.566667
1968-Q3,1.8,-100,-100,4.533333,-100,-100,-100,-100,-100,-100,-100,-100,-100,-100,-100,-100,-100,-100,-100,-100,-100,-100,1.2,-100,-100,-100,-100,-100,-100,-100,-100,-100,-100,-100,-100,-100,-100,-100,-100,-100,-100,3.533333
1968-Q4,1.7,-100,-100,4.466667,-100,-100,-100,-100,-100,-100,-100,-100,-100,-100,-100,-100,-100,-100,-100,-100,-100,-100,1.066667,-100,-100,-100,-100,-100,-100,-100,-100,-100,-100,-100,-100,-100,-100,-100,-100,-100,-100,3.4
1969-Q1,1.8,-100,-100,4.266667,-100,-100,-100,-100,-100,-100,-100,-100,-100,-100,-100,-100,-100,-100,-100,-100,-100,-100,1.133333,-100,-100,-100,-100,-100,-100,-100,-100,-100,-100,-100,-100,-100,-100,-100,-100,-100,-100,3.4
1969-Q2,1.8,-100,-100,4.366667,-100,-100,-100,-100,-100,-100,-100,-100,-100,-100,-100,-100,-100,-100,-100,-100,-100,-100,1.2,-100,-100,-100,-100,-100,-100,-100,-100,-100,-100,-100,-100,-100,-100,-100,-100,-100,-100,3.433333
1969-Q3,1.7,-100,-100,4.4,-100,-100,-100,-100,-100,-100,-100,-100,-100,-100,-100,-100,-100,-100,-100,-100,-100,-100,1.133333,-100,-100,-100,-100,-100,-100,-100,-100,-100,-100,-100,-100,-100,-100,-100,-100,-100,-100,3.566667
1969-Q4,1.9,-100,-100,4.6,-100,-100,-100,-100,-100,-100,-100,-100,-100,-100,-100,-100,-100,-100,-100,-100,-100,-100,1.066667,-100,-100,-100,-100,-100,-100,-100,-100,-100,-100,-100,-100,-100,-100,-100,-100,-100,-100,3.566667
1970-Q1,1.6,-100,-100,4.866667,-100,-100,-100,-100,-100,-100,-100,-100,-100,-100,-100,-100,-100,-100,-100,-100,-100,-100,1.066667,-100,-100,-100,-100,-100,-100,-100,-100,-100,-100,-100,-100,-100,-100,-100,-100,-100,-100,4.166667
1970-Q2,1.7,-100,-100,5.766667,-100,-100,-100,-100,-100,-100,-100,-100,-100,-100,-100,-100,-100,-100,-100,-100,-100,-100,1.133333,-100,-100,-100,-100,-100,-100,-100,-100,-100,-100,-100,-100,-100,-100,-100,-100,-100,-100,4.766667
1970-Q3,1.7,-100,-100,6.166667,-100,-100,-100,-100,-100,-100,-100,-100,-100,-100,-100,-100,-100,-100,-100,-100,-100,-100,1.233333,-100,-100,-100,-100,-100,-100,-100,-100,-100,-100,-100,-100,-100,-100,-100,-100,-100,-100,5.166667
1970-Q4,1.6,-100,-100,6.1,-100,-100,-100,-100,-100,-100,-100,-100,-100,-100,-100,-100,-100,-100,-100,-100,-100,-100,1.266667,-100,-100,-100,-100,-100,-100,-100,-100,-100,-100,-100,-100,-100,-100,-100,-100,-100,-100,5.833333
1971-Q1,1.7,-100,-100,6.233333,-100,-100,-100,-100,-100,-100,-100,-100,-100,-100,-100,-100,-100,-100,-100,-100,-100,-100,1.166667,-100,-100,-100,-100,-100,-100,-100,-100,-100,-100,-100,-100,-100,-100,-100,-100,-100,-100,5.933333
1971-Q2,1.9,-100,-100,6.266667,-100,-100,-100,-100,-100,-100,-100,-100,-100,-100,-100,-100,-100,-100,-100,-100,-100,-100,1.2,-100,-100,-100,-100,-100,-100,-100,-100,-100,-100,-100,-100,-100,-100,-100,-100,-100,-100,5.9
1971-Q3,1.9,-100,-100,6.1,-100,-100,-100,-100,-100,-100,-100,-100,-100,-100,-100,-100,-100,-100,-100,-100,-100,-100,1.233333,-100,-100,-100,-100,-100,-100,-100,-100,-100,-100,-100,-100,-100,-100,-100,-100,-100,-100,6.033333
1971-Q4,2.2,-100,-100,6.133333,-100,-100,-100,-100,-100,-100,-100,-100,-100,-100,-100,-100,-100,-100,-100,-100,-100,-100,1.333333,-100,-100,-100,-100,-100,-100,-100,-100,-100,-100,-100,-100,-100,-100,-100,-100,-100,-100,5.933333
1972-Q1,2.4,-100,-100,5.966667,-100,-100,-100,-100,-100,-100,-100,-100,-100,-100,-100,-100,-100,-100,-100,-100,-100,-100,1.4,-100,-100,-100,-100,-100,-100,-100,-100,-100,-100,-100,-100,-100,-100,-100,-100,-100,-100,5.766667
1972-Q2,2.4,-100,-100,6.066667,-100,-100,-100,-100,-100,-100,-100,-100,-100,-100,-100,-100,-100,-100,-100,-100,-100,-100,1.4,-100,-100,-100,-100,-100,-100,-100,-100,-100,-100,-100,-100,-100,-100,-100,-100,-100,-100,5.7
1972-Q3,2.9,-100,-100,6.366667,-100,-100,-100,-100,-100,-100,-100,-100,-100,-100,-100,-100,-100,-100,-100,-100,-100,-100,1.433333,-100,-100,-100,-100,-100,-100,-100,-100,-100,-100,-100,-100,-100,-100,-100,-100,-100,-100,5.566667
1972-Q4,2.8,-100,-100,6.466667,-100,-100,-100,-100,-100,-100,-100,-100,-100,-100,-100,-100,-100,-100,-100,-100,-100,-100,1.4,-100,-100,-100,-100,-100,-100,-100,-100,-100,-100,-100,-100,-100,-100,-100,-100,-100,-100,5.366667
1973-Q1,2.6,-100,-100,5.866667,-100,-100,-100,-100,-100,-100,-100,-100,-100,-100,-100,-100,-100,-100,-100,-100,-100,-100,1.233333,-100,-100,-100,-100,-100,-100,-100,-100,-100,-100,-100,-100,-100,-100,-100,-100,-100,-100,4.933333
1973-Q2,2.3,-100,-100,5.4,-100,-100,-100,-100,-100,-100,-100,-100,-100,-100,-100,-100,-100,-100,-100,-100,-100,-100,1.366667,-100,-100,-100,-100,-100,-100,-100,-100,-100,-100,-100,-100,-100,-100,-100,-100,-100,-100,4.933333
1973-Q3,2.1,-100,-100,5.4,-100,-100,-100,-100,-100,-100,-100,-100,-100,-100,-100,-100,-100,-100,-100,-100,-100,-100,1.266667,-100,-100,-100,-100,-100,-100,-100,-100,-100,-100,-100,-100,-100,-100,-100,-100,-100,-100,4.8
1973-Q4,2.1,-100,-100,5.533333,-100,-100,-100,-100,-100,-100,-100,-100,-100,-100,-100,-100,-100,-100,-100,-100,-100,-100,1.133333,-100,-100,-100,-100,-100,-100,-100,-100,-100,-100,-100,-100,-100,-100,-100,-100,-100,-100,4.766667
1974-Q1,2.1,-100,-100,5.233333,-100,-100,-100,-100,-100,-100,-100,-100,-100,-100,-100,-100,-100,-100,-100,-100,-100,-100,1.3,-100,-100,-100,-100,-100,-100,-100,-100,-100,-100,-100,-100,-100,-100,-100,-100,-100,-100,5.133333
1974-Q2,2.1,-100,-100,5.2,-100,-100,-100,-100,-100,-100,-100,-100,-100,-100,-100,-100,-100,-100,-100,-100,-100,-100,1.3,-100,-100,-100,-100,-100,-100,-100,-100,-100,-100,-100,-100,-100,-100,-100,-100,-100,-100,5.2
1974-Q3,2.7,-100,-100,5.266667,-100,-100,-100,-100,-100,-100,-100,-100,-100,-100,-100,-100,-100,-100,-100,-100,-100,-100,1.4,-100,-100,-100,-100,-100,-100,-100,-100,-100,-100,-100,-100,-100,-100,-100,-100,-100,-100,5.633333
1974-Q4,4,-100,-100,5.666667,-100,-100,-100,-100,-100,-100,-100,-100,-100,-100,-100,-100,-100,-100,-100,-100,-100,-100,1.6,-100,-100,-100,-100,-100,-100,-100,-100,-100,-100,-100,-100,-100,-100,-100,-100,-100,-100,6.6
1975-Q1,4.8,-100,-100,6.7,-100,-100,-100,-100,-100,-100,-100,-100,-100,-100,-100,-100,-100,-100,-100,-100,-100,-100,1.766667,-100,-100,-100,-100,-100,-100,-100,-100,-100,-100,-100,-100,-100,-100,-100,-100,-100,-100,8.266666
1975-Q2,4.8,-100,-100,6.833333,-100,-100,-100,-100,-100,-100,-100,-100,-100,-100,-100,-100,-100,-100,-100,-100,-100,-100,1.8,-100,-100,-100,-100,-100,-100,-100,-100,-100,-100,-100,-100,-100,-100,-100,-100,-100,-100,8.866667
1975-Q3,4.7,-100,-100,6.966667,-100,-100,-100,-100,-100,-100,-100,-100,-100,-100,-100,-100,-100,-100,-100,-100,-100,-100,1.9,-100,-100,-100,-100,-100,-100,-100,-100,-100,-100,-100,-100,-100,-100,-100,-100,-100,-100,8.466666
1975-Q4,5.4,-100,-100,7.133333,-100,-100,-100,-100,-100,-100,-100,-100,-100,-100,-100,-100,-100,-100,-100,-100,-100,-100,2.1,-100,-100,-100,-100,-100,-100,-100,-100,-100,-100,-100,-100,-100,-100,-100,-100,-100,-100,8.3
1976-Q1,4.9,-100,-100,6.933333,-100,-100,-100,-100,-100,-100,-100,-100,-100,-100,-100,-100,-100,-100,-100,-100,-100,-100,2.033333,-100,-100,-100,-100,-100,-100,-100,-100,-100,-100,-100,-100,-100,-100,-100,-100,-100,-100,7.733333
1976-Q2,4.5,-100,-100,6.866667,-100,-100,-100,-100,-100,-100,-100,-100,-100,-100,-100,-100,-100,-100,-100,-100,-100,-100,2.066667,-100,-100,-100,-100,-100,-100,-100,-100,-100,-100,-100,-100,-100,-100,-100,-100,-100,-100,7.566667
1976-Q3,4.8,-100,-100,7.166667,-100,-100,-100,-100,-100,-100,-100,-100,-100,-100,-100,-100,-100,-100,-100,-100,-100,-100,2,-100,-100,-100,-100,-100,-100,-100,-100,-100,-100,-100,-100,-100,-100,-100,-100,-100,-100,7.733333
1976-Q4,4.9,-100,-100,7.433333,-100,-100,-100,-100,-100,-100,-100,-100,-100,-100,-100,-100,-100,-100,-100,-100,-100,-100,1.933333,-100,-100,-100,-100,-100,-100,-100,-100,-100,-100,-100,-100,-100,-100,-100,-100,-100,-100,7.766667
1977-Q1,5.2,-100,-100,7.766667,-100,-100,-100,-100,-100,-100,-100,-100,-100,-100,-100,-100,-100,-100,-100,-100,-100,-100,1.966667,-100,-100,-100,-100,-100,-100,-100,-100,-100,-100,-100,-100,-100,-100,-100,-100,-100,-100,7.5
1977-Q2,5.6,-100,-100,7.833333,-100,-100,-100,-100,-100,-100,-100,-100,-100,-100,-100,-100,-100,-100,-100,-100,-100,-100,2.033333,-100,-100,-100,-100,-100,-100,-100,-100,-100,-100,-100,-100,-100,-100,-100,-100,-100,-100,7.133333
1977-Q3,5.8,-100,-100,8.2,-100,-100,-100,-100,-100,-100,-100,-100,-100,-100,-100,-100,-100,-100,-100,-100,-100,-100,2.033333,-100,-100,-100,-100,-100,-100,-100,-100,-100,-100,-100,-100,-100,-100,-100,-100,-100,-100,6.9
1977-Q4,5.9,-100,-100,8.466666,-100,-100,-100,-100,-100,-100,-100,-100,-100,-100,-100,-100,-100,-100,-100,-100,-100,-100,2,-100,-100,-100,-100,-100,-100,-100,-100,-100,-100,-100,-100,-100,-100,-100,-100,-100,-100,6.666667
1978-Q1,6.6,-100,-100,8.366667,-100,-100,-100,-100,-100,-100,-100,-100,-100,-100,-100,-100,-100,-100,-100,-100,-100,-100,2.166667,-100,-100,-100,-100,-100,-100,-100,-100,-100,-100,-100,-100,-100,-100,-100,-100,-100,-100,6.333333
1978-Q2,6.259767,-100,-100,8.466666,-100,-100,-100,-100,-100,-100,-100,-100,-100,-100,-100,-100,-100,-100,-100,-100,-100,-100,2.266667,-100,-100,-100,-100,-100,-100,-100,-100,-100,-100,-100,-100,-100,-100,-100,-100,-100,-100,6
1978-Q3,6.322846,-100,-100,8.366667,-100,-100,-100,-100,-100,-100,-100,-100,-100,-100,-100,-100,-100,-100,-100,-100,-100,-100,2.3,-100,-100,-100,-100,-100,-100,-100,-100,-100,-100,-100,-100,-100,-100,-100,-100,-100,-100,6.033333
1978-Q4,6.29968,-100,-100,8.266666,-100,-100,-100,-100,-100,-100,-100,-100,-100,-100,-100,-100,-100,-100,-100,-100,-100,-100,2.2,-100,-100,-100,-100,-100,-100,-100,-100,-100,-100,-100,-100,-100,-100,-100,-100,-100,-100,5.9
1979-Q1,6.310252,-100,-100,8.033334,-100,-100,-100,-100,-100,-100,-100,-100,-100,-100,-100,-100,-100,-100,-100,-100,-100,-100,2.1,-100,-100,-100,-100,-100,-100,-100,-100,-100,-100,-100,-100,-100,-100,-100,-100,-100,-100,5.866667
1979-Q2,6.317367,-100,-100,7.666667,-100,-100,-100,-100,-100,-100,-100,-100,-100,-100,-100,-100,-100,-100,-100,-100,-100,-100,2.033333,-100,-100,-100,-100,-100,-100,-100,-100,-100,-100,-100,-100,-100,-100,-100,-100,-100,-100,5.7
1979-Q3,6.207363,-100,-100,7.1,-100,-100,-100,-100,-100,-100,-100,-100,-100,-100,-100,-100,-100,-100,-100,-100,-100,-100,2.133333,-100,-100,-100,-100,-100,-100,-100,-100,-100,-100,-100,-100,-100,-100,-100,-100,-100,-100,5.866667
1979-Q4,6.182613,-100,-100,7.2,-100,-100,-100,-100,-100,-100,-100,-100,-100,-100,-100,-100,-100,-100,-100,-100,-100,-100,2.066667,-100,-100,-100,-100,-100,-100,-100,-100,-100,-100,-100,-100,-100,-100,-100,-100,-100,-100,5.966667
1980-Q1,6.026945,-100,-100,7.566667,-100,-100,-100,-100,-100,-100,-100,-100,-100,-100,-100,-100,-100,-100,-100,-100,-100,-100,1.9,-100,-100,-100,-100,-100,-100,-100,-100,-100,-100,-100,-100,-100,-100,-100,-100,-100,-100,6.3
1980-Q2,6.227214,-100,-100,7.733333,-100,-100,-100,-100,-100,-100,-100,-100,-100,-100,-100,-100,-100,-100,-100,-100,-100,-100,1.966667,-100,-100,-100,-100,-100,-100,-100,-100,-100,-100,-100,-100,-100,-100,-100,-100,-100,-100,7.333333
1980-Q3,6.130945,-100,-100,7.5,-100,-100,-100,-100,-100,-100,-100,-100,-100,-100,-100,-100,-100,-100,-100,-100,-100,-100,2.033333,-100,-100,-100,-100,-100,-100,-100,-100,-100,-100,-100,-100,-100,-100,-100,-100,-100,-100,7.666667
1980-Q4,5.985106,-100,-100,7.266667,-100,-100,-100,-100,-100,-100,-100,-100,-100,-100,-100,-100,-100,-100,-100,-100,-100,-100,2.166667,-100,-100,-100,-100,-100,-100,-100,-100,-100,-100,-100,-100,-100,-100,-100,-100,-100,-100,7.4
1981-Q1,5.758982,-100,-100,7.4,-100,-100,-100,-100,-100,-100,-100,-100,-100,-100,-100,-100,-100,-100,-100,-100,-100,-100,2.2,-100,-100,-100,-100,-100,-100,-100,-100,-100,-100,-100,-100,-100,-100,-100,-100,-100,-100,7.433333
1981-Q2,5.505349,-100,-100,7.166667,-100,-100,-100,-100,-100,-100,-100,-100,-100,-100,-100,-100,-100,-100,-100,-100,-100,-100,2.266667,-100,-100,-100,-100,-100,-100,-100,-100,-100,-100,-100,-100,-100,-100,-100,-100,-100,-100,7.4
1981-Q3,5.827836,-100,-100,7.466667,-100,-100,-100,-100,-100,-100,-100,-100,-100,-100,-100,-100,-100,-100,-100,-100,-100,-100,2.166667,-100,-100,-100,-100,-100,-100,-100,-100,-100,-100,-100,-100,-100,-100,-100,-100,-100,-100,7.4
1981-Q4,5.964386,-100,-100,8.433333,-100,-100,-100,-100,-100,-100,-100,-100,-100,-100,-100,-100,-100,-100,-100,-100,-100,-100,2.2,-100,-100,-100,-100,-100,-100,-100,-100,-100,-100,-100,-100,-100,-100,-100,-100,-100,-100,8.233334
1982-Q1,6.203703,-100,-100,8.933333,-100,-100,-100,-100,-100,-100,-100,-100,-100,-100,-100,-100,-100,-100,-100,-100,-100,-100,2.233333,-100,-100,-100,-100,-100,-100,-100,-100,-100,-100,-100,-100,-100,-100,-100,-100,-100,-100,8.833333
1982-Q2,6.563469,-100,-100,10.4,-100,-100,-100,-100,-100,-100,-100,-100,-100,-100,-100,-100,-100,-100,-100,-100,-100,-100,2.333333,-100,-100,-100,-100,-100,-100,-100,-100,-100,-100,-100,-100,-100,-100,-100,-100,-100,-100,9.433333
1982-Q3,7.107166,-100,-100,12.1,-100,-100,-100,-100,-100,-100,-100,-100,-100,-100,-100,-100,-100,-100,-100,-100,-100,-100,2.366667,-100,-100,-100,-100,-100,-100,-100,-100,-100,-100,-100,-100,-100,-100,-100,-100,-100,-100,9.9
1982-Q4,8.791383,-100,-100,12.96667,-100,-100,-100,-100,-100,-100,-100,-100,-100,-100,-100,-100,-100,-100,-100,-100,-100,-100,2.466667,-100,-100,-100,-100,-100,-100,-100,-100,-100,-100,-100,-100,-100,-100,-100,-100,-100,-100,10.66667
1983-Q1,9.635051,-100,10.5,12.63333,-100,-100,-100,-100,8.2,-100,-100,-100,-100,8.1,-100,-100,-100,-100,-100,13.16667,-100,7.066667,2.666667,-100,-100,-100,3.266667,-100,9.5,-100,-100,-100,-100,8.166667,-100,-100,-100,3.6,-100,-100,10.8,10.36667
1983-Q2,10.22541,-100,10.66667,12.4,-100,-100,-100,-100,8.433333,-100,-100,-100,-100,8.533334,-100,-100,-100,-100,-100,13.7,-100,7.266667,2.666667,-100,-100,-100,3.466667,-100,9.5,-100,-100,-100,-100,8.766666,-100,-100,-100,3.666667,-100,-100,10.9,10.13333
1983-Q3,10.35437,-100,10.83333,11.66667,-100,-100,-100,-100,8.466666,-100,-100,-100,-100,9,-100,-100,-100,-100,-100,14.13333,-100,7.433333,2.7,-100,-100,-100,3.6,-100,9.5,-100,-100,-100,-100,9.333333,-100,-100,-100,3.766667,-100,-100,10.9,9.366667
1983-Q4,9.705585,-100,10.96667,11.3,-100,-100,-100,-100,8.4,-100,-100,-100,-100,9.4,-100,-100,-100,-100,-100,14.6,-100,7.7,2.6,-100,-100,-100,3.333333,-100,9.5,-100,-100,-100,-100,9.3,-100,-100,-100,3.666667,-100,-100,10.8,8.533334
1984-Q1,9.362041,-100,10.86667,11.3,-100,-100,-100,-100,8.266666,-100,-100,-100,-100,9.7,-100,-100,-100,-100,-100,15.06667,-100,7.866667,2.7,-100,-100,-100,3.266667,-100,9.433333,-100,-100,-100,-100,9.4,-100,-100,-100,3.466667,-100,-100,10.8,7.866667
1984-Q2,9.133486,-100,10.8,11.5,-100,-100,-100,-100,8.033334,-100,-100,-100,-100,9.933333,-100,-100,-100,-100,-100,15.36667,-100,7.833333,2.733333,-100,-100,-100,2.933333,-100,9.366667,-100,-100,-100,-100,9.533334,-100,-100,-100,3.333333,-100,-100,10.7,7.433333
1984-Q3,8.823097,-100,10.86667,11.43333,-100,-100,-100,-100,7.833333,-100,-100,-100,-100,10.2,-100,-100,-100,-100,-100,15.6,-100,7.8,2.733333,-100,-100,-100,2.966667,-100,9.233334,-100,-100,-100,-100,9.666667,-100,-100,-100,3.133333,-100,-100,10.9,7.433333
1984-Q4,8.630321,-100,10.76667,11.26667,-100,-100,-100,-100,7.566667,-100,-100,-100,-100,10.43333,-100,-100,-100,-100,-100,15.96667,-100,7.833333,2.666667,-100,-100,-100,2.933333,-100,9.033334,-100,-100,-100,-100,9.833333,-100,-100,-100,3.066667,-100,-100,11.1,7.3
1985-Q1,8.534498,-100,10.53333,10.8,-100,-100,-100,-100,7.3,-100,-100,-100,-100,10.4,-100,-100,-100,-100,-100,16.5,-100,8,2.566667,-100,-100,-100,2.833333,-100,8.8,-100,-100,-100,-100,9.633333,-100,-100,-100,3,-100,-100,11.2,7.233333
1985-Q2,8.448925,-100,10.1,10.7,-100,-100,-100,-100,6.966667,-100,-100,-100,-100,10.4,-100,-100,-100,-100,-100,16.73333,-100,8.033334,2.566667,-100,-100,-100,3,-100,8.6,-100,-100,-100,-100,9.8,-100,-100,-100,2.966667,-100,-100,11.3,7.3
1985-Q3,8.169724,-100,9.9,10.3,-100,-100,-100,-100,6.4,-100,-100,-100,-100,10.4,-100,-100,-100,-100,-100,17,-100,8.233334,2.6,-100,-100,-100,2.9,-100,8.3,-100,-100,-100,-100,9.966666,-100,-100,-100,2.8,-100,-100,11.2,7.2
1985-Q4,7.860059,-100,9.933333,10.23333,-100,-100,-100,-100,5.8,-100,-100,-100,-100,10.46667,-100,-100,-100,-100,-100,16.96667,-100,8.4,2.766667,-100,-100,-100,2.8,-100,8.1,-100,-100,-100,-100,10.03333,-100,-100,-100,2.7,-100,-100,11.1,7.033333
1986-Q1,7.910596,-100,10.1,9.833333,13.87596,-100,-100,-100,5.233333,-100,-100,-100,-100,10.36667,-100,-100,-100,-100,-100,16.83333,-100,8.566667,2.666667,-100,-100,-100,2.766667,-100,7.833333,4.2,-100,-100,-100,10.1,-100,-100,-100,2.833333,-100,-100,11.1,7.033333
1986-Q2,7.799643,-100,10.1,9.6,12.01526,-100,-100,-100,4.933333,-100,-100,-100,-100,10.46667,-100,-100,-100,-100,-100,16.83333,-100,8.766666,2.766667,-100,-100,-100,2.7,-100,7.633333,4.1,-100,-100,-100,9.8,-100,-100,20.5,2.666667,-100,-100,11.3,7.166667
1986-Q3,8.228545,-100,9.933333,9.566667,11.31182,-100,-100,-100,4.9,-100,-100,-100,-100,10.63333,-100,-100,-100,-100,-100,16.83333,-100,9,2.833333,-100,-100,-100,2.466667,-100,7.533333,4.2,-100,-100,-100,9.2,-100,-100,20.33333,2.566667,-100,-100,11.3,6.966667
1986-Q4,8.329367,-100,10.06667,9.433333,11.23327,-100,-100,-100,4.866667,-100,-100,-100,-100,10.83333,-100,-100,-100,-100,-100,16.76667,-100,9.133333,2.8,-100,-100,-100,2.333333,-100,7.433333,4.3,-100,-100,-100,8.933333,-100,-100,20.23333,2.633333,-100,-100,11.2,6.833333
1987-Q1,8.275977,-100,10.03333,9.466666,11.05098,-100,-100,-100,5,-100,-100,-100,-100,10.8,-100,-100,-100,-100,-100,16.73333,-100,9.266666,2.933333,-100,-100,-100,2.5,4.466667,7.4,4.1,-100,-100,-100,8.633333,-100,-100,20.06667,2.366667,-100,-100,11,6.6
1987-Q2,8.169649,-100,9.933333,9,11.40322,-100,-100,-100,5,-100,-100,-100,-100,10.66667,-100,-100,-100,-100,-100,16.7,-100,9.666667,3,-100,-100,-100,2.566667,4.066667,7.433333,4.2,-100,-100,-100,8.2,-100,-100,19.7,2.3,-100,-100,10.6,6.266667
1987-Q3,7.978609,-100,9.7,8.566667,10.89502,-100,-100,-100,5,-100,-100,-100,-100,10.56667,-100,-100,-100,-100,-100,16.53333,-100,9.8,2.766667,-100,-100,-100,2.433333,3.6,7.5,4.2,-100,-100,-100,7.733333,-100,-100,19.7,2.166667,-100,-100,10.1,6
1987-Q4,7.91363,-100,9.566667,8.166667,10.36119,-100,-100,-100,5,-100,-100,-100,-100,10.5,-100,-100,-100,-100,-100,16.5,-100,9.733334,2.7,-100,-100,-100,2.3,3.4,7.5,4.4,-100,-100,-100,7.466667,-100,-100,19.43333,1.9,-100,-100,9.6,5.833333
1988-Q1,7.515224,-100,9.4,7.9,10.45275,-100,-100,-100,5.166667,-100,-100,-100,4.633333,10.26667,-100,-100,-100,-100,-100,16.5,-100,9.7,2.666667,-100,-100,-100,2.233333,3.5,7.5,5,-100,-100,-100,7,-100,-100,19.2,1.9,-100,-100,9.1,5.7
1988-Q2,7.644196,-100,9.066667,7.7,10.28387,-100,-100,-100,5.433333,-100,-100,-100,4.333333,10.13333,-100,-100,-100,-100,-100,16.33333,-100,9.633333,2.466667,-100,-100,-100,2.033333,3.733333,7.4,5.5,-100,-100,-100,6.933333,-100,-100,19.06667,1.833333,-100,-100,8.7,5.466667
1988-Q3,6.919843,-100,8.666667,7.8,9.653854,-100,-100,-100,5.8,-100,-100,-100,4,10,-100,-100,-100,-100,-100,16.16667,-100,9.6,2.533333,-100,-100,-100,1.933333,3.533333,7.333333,6.4,-100,-100,-100,6.333333,-100,-100,18.66667,1.833333,-100,-100,8.3,5.466667
1988-Q4,6.753097,-100,8.2,7.7,8.604484,-100,-100,-100,6.233333,-100,-100,-100,3.7,9.9,-100,-100,-100,-100,-100,15.83333,-100,9.8,2.4,-100,-100,-100,1.8,3.433333,7.166667,6.3,-100,-100,-100,6.366667,-100,-100,17.76667,1.633333,-100,-100,7.9,5.333333
1989-Q1,6.594882,-100,7.8,7.533333,8.192178,-100,-100,-100,6.6,-100,-100,-100,3.5,9.733334,-100,-100,-100,-100,-100,15.36667,-100,9.8,2.333333,-100,-100,-100,1.7,3.166667,7,7.1,4.933333,-100,-100,6.2,-100,-100,17.3,1.6,-100,-100,7.5,5.2
1989-Q2,6.163475,-100,7.5,7.666667,8.219247,-100,-100,-100,6.8,-100,-100,-100,3.1,9.666667,-100,-100,-100,-100,-100,15,-100,9.8,2.3,-100,-100,-100,1.766667,2.966667,6.8,7.5,5.266667,-100,-100,6.066667,-100,-100,16.66667,1.566667,-100,-100,7.1,5.233333
1989-Q3,6.006107,-100,7.2,7.366667,7.526181,-100,-100,-100,6.9,-100,-100,-100,2.9,9.6,-100,-100,-100,-100,-100,14.46667,-100,9.7,2.2,-100,-100,-100,1.866667,2.9,6.6,7.4,5.5,-100,-100,5.966667,-100,-100,16.13333,1.433333,-100,-100,7,5.233333
1989-Q4,5.851845,-100,6.966667,7.466667,7.691771,-100,-100,-100,7,-100,-100,-100,2.9,9.6,-100,-100,-100,-100,-100,14.06667,-100,9.366667,2.166667,-100,-100,-100,1.833333,2.633333,6.433333,7.3,5.866667,-100,-100,5.8,-100,-100,16.1,1.566667,-100,-100,6.8,5.366667
1990-Q1,6.229151,-100,6.733333,7.633333,7.392182,-100,-100,-100,7,-100,-100,-100,3,9.5,-100,-100,-100,-100,-100,13.63333,-100,9,2.133333,2.433333,-100,-100,1.766667,2.5,6.266667,7.2,5.9,-100,-100,5.866667,-100,-100,15.76667,1.433333,-100,-100,6.8,5.3
1990-Q2,6.463768,-100,6.6,7.666667,7.895078,-100,-100,-100,7.066667,-100,-100,-100,2.933333,9.4,-100,-100,-100,-100,-100,13.2,-100,8.9,2.133333,2.3,-100,-100,1.7,2.833333,6.133333,7.7,5.733333,-100,-100,5.466667,-100,-100,15.56667,1.533333,-100,-100,6.7,5.333333
1990-Q3,7.223949,-100,6.5,8.166667,7.722034,-100,-100,-100,7.233333,-100,7.64437,-100,3.033333,9.3,-100,-100,-100,-100,-100,13.26667,-100,8.8,2.066667,2.533333,-100,-100,1.566667,2.9,6,8.1,5.733333,-100,-100,5.766667,-100,-100,15.3,1.766667,-100,-100,6.8,5.7
1990-Q4,7.866195,-100,6.4,9.133333,8.044012,-100,-100,-100,7.366667,-100,7.759975,-100,3.7,9.3,-100,-100,-100,-100,-100,13.56667,-100,8.733334,2.066667,2.566667,-100,-100,1.6,2.733333,5.9,8.9,5.766667,-100,-100,5.4,-100,-100,15.3,2.166667,-100,-100,7.1,6.133333
1991-Q1,8.732706,-100,6.4,10.16667,8.283324,-100,-100,-100,7.5,-100,7.809998,-100,4.633333,9.266666,6.13048,5.233333,-100,-100,-100,14.1,-100,8.633333,2.1,2.5,-100,-100,1.5,2.733333,5.8,9.8,5.833333,-100,-100,5.033333,-100,-100,15.1,2.433333,-100,-100,7.7,6.6
1991-Q2,9.634094,-100,6.4,10.33333,8.029234,-100,-100,-100,7.8,-100,7.797903,-100,5.9,9.433333,6.315892,5.333333,-100,-100,-100,14.7,-100,8.466666,2.1,2.3,-100,-100,1.566667,2.366667,5.733333,10.5,5.8,-100,-100,4.9,-100,-100,15.3,2.733333,-100,-100,8.5,6.833333
1991-Q3,9.8348,-100,6.4,10.43333,8.652755,-100,-100,-100,8,-100,7.809618,-100,7.466667,9.7,6.426266,5.6,-100,-100,-100,15.03333,-100,8.433333,2.1,2.4,-100,-100,1.666667,2.833333,5.7,11.2,6,-100,-100,5.2,-100,-100,15.76667,3.366667,-100,-100,9,6.866667
1991-Q4,10.21839,-100,6.6,10.33333,7.661702,-100,-100,-100,8.166667,-100,7.943071,-100,8.733334,10,6.587004,5.9,-100,-100,-100,15.1,-100,8.6,2.066667,2.466667,-100,-100,1.8,2.866667,5.633333,11,6.466667,-100,-100,5.033333,-100,-100,15.9,3.866667,-100,-100,9.1,7.1
1992-Q1,10.4162,-100,6.733333,10.6,7.05606,-100,-100,-100,8.266666,-100,8.157794,-100,9.866667,10.26667,6.775599,6.1,-100,-100,-100,15.2,-100,8.666667,2.066667,2.4,-100,-100,1.9,2.866667,5.6,11,6.4,-100,-100,4.8,-100,-100,16.13333,4.566667,-100,-100,9.3,7.366667
1992-Q2,10.63344,-100,7,11,6.375248,-100,-100,-100,8.366667,-100,8.291388,-100,11.03333,10.5,6.989748,6.4,-100,-100,-100,15.23333,-100,8.666667,2.1,2.433333,-100,-100,2.033333,2.8,5.633333,10.5,6.533333,-100,-100,4.9,-100,-100,16.53333,5.266667,-100,-100,9.8,7.6
1992-Q3,10.82143,-100,7.133333,11.53333,6.576065,-100,-100,-100,8.666667,-100,8.584929,-100,12.6,10.8,7.140961,6.766667,-100,-100,-100,15.5,-100,9,2.166667,2.566667,-100,-100,2.133333,2.6,5.766667,10.6,6.566667,-100,-100,5.033333,-100,-100,17.2,5.966667,-100,-100,9.9,7.633333
1992-Q4,11.14715,-100,7.5,11.73333,6.670894,-100,-100,-100,9.133333,-100,8.994887,-100,13.6,11,7.161285,7.1,-100,-100,-100,15.66667,-100,8.9,2.266667,2.6,-100,-100,2.2,2.9,5.933333,10.6,6.666667,-100,-100,5.233333,-100,-100,18.4,6.5,-100,-100,10.4,7.366667
1993-Q1,10.90126,3.833333,7.933333,11.13333,6.571497,-100,-100,4.433333,9.6,-100,9.533334,-100,14.7,11.3,7.143151,7.4,-100,-100,-100,15.83333,-100,9.133333,2.3,2.833333,-100,-100,2.233333,3.333333,6.2,10.1,6.666667,-100,-100,5.7,-100,-100,19.56667,7.7,-100,-100,10.6,7.133333
1993-Q2,10.84797,3.966667,8.366667,11.63333,6.234505,-100,-100,4.4,9.9,-100,10.03333,-100,16.06667,11.7,7.238286,7.6,-100,-100,-100,15.76667,-100,9.8,2.433333,3,-100,-100,2.433333,3.166667,6.433333,10.2,6.666667,-100,-100,6.2,-100,-100,20.5,9.033334,-100,-100,10.4,7.066667
1993-Q3,10.88636,4.033333,8.866667,11.43333,6.485702,-100,-100,4.2,9.566667,-100,10.4,-100,17.06667,12.03333,7.19975,7.9,-100,-100,-100,15.53333,-100,9.966666,2.533333,2.9,-100,-100,2.8,3.666667,6.633333,9.5,6.733333,-100,-100,6.5,-100,-100,21.4,9.633333,-100,-100,10.2,6.8
1993-Q4,10.88655,4,9.333333,11.3,6.912248,-100,-100,4.166667,9.066667,-100,10.7,-100,17.53333,12.36667,7.251373,8.2,-100,-100,-100,15.4,-100,10.43333,2.733333,2.833333,-100,-100,2.966667,3.5,6.733333,9.4,6.366667,-100,-100,6.833333,-100,-100,21.86667,9.8,-100,-100,10.3,6.633333
1994-Q1,10.4391,3.9,9.666667,11.03333,7.32841,-100,-100,4.166667,8.4,-100,10.86667,-100,17,12.5,7.255287,8.466666,-100,-100,-100,15.13333,-100,10.43333,2.866667,2.7,-100,-100,3.2,3.6,6.833333,9.3,6,-100,-100,7.3,-100,-100,22.23333,9.733334,-100,-100,9.9,6.566667
1994-Q2,9.882505,3.833333,9.8,10.63333,7.667644,-100,-100,4.266667,7.833333,-100,10.9,-100,17.06667,12.4,7.061687,8.533334,-100,-100,-100,14.66667,-100,10.56667,2.8,2.533333,-100,-100,3.3,3.433333,7,8.5,6.133333,-100,-100,7.566667,-100,-100,22.2,9.366667,-100,-100,9.7,6.2
1994-Q3,9.474689,3.8,9.8,10.13333,7.90088,-100,-100,4.4,7.5,-100,10.83333,-100,16.53333,12.2,6.938168,8.433333,-100,-100,-100,14.13333,-100,10.4,2.966667,2.433333,-100,-100,3.133333,3.566667,7.3,8,5.9,-100,-100,7.666667,-100,-100,22.03333,9.233334,-100,-100,9.4,6
1994-Q4,9.055905,3.8,9.733334,9.766666,8.381665,-100,-100,4.333333,7.2,-100,10.83333,-100,15.7,12,6.735214,8.266666,-100,-100,-100,13.46667,-100,11.13333,2.933333,2.233333,-100,-100,3,4,7.666667,7.6,5.966667,-100,-100,7.8,-100,-100,21.73333,9,-100,-100,9,5.633333
1995-Q1,8.764248,3.933333,9.666667,9.633333,7.658385,-100,-100,4.2,6.9,-100,10.66667,-100,15.1,11.8,6.6556,8.133333,-100,-100,-100,12.7,7.228455,11.23333,3.033333,2.133333,-100,-100,2.866667,5.033333,8.1,6.8,5.933333,-100,-100,7.966667,-100,-100,21.16667,8.833333,-100,-100,8.9,5.466667
1995-Q2,8.364334,4.1,9.6,9.5,7.41284,-100,-100,4.133333,6.8,-100,10.6,-100,14.83333,11.86667,6.722022,8.1,-100,-100,-100,12.23333,6.569006,11.1,3.066667,2.033333,-100,-100,2.8,6.433333,8.366667,6.4,5.533333,-100,-100,7.9,-100,-100,20.56667,8.7,-100,-100,8.7,5.666667
1995-Q3,8.368203,4.366667,9.666667,9.433333,7.057222,-100,-100,4,6.7,-100,10.63333,-100,15,12,6.765699,8.266666,-100,-100,-100,12.1,6.703467,11.16667,3.166667,2.1,-100,-100,2.833333,7.033333,8.4,6.2,5.266667,-100,-100,7.8,-100,-100,20.8,8.666667,-100,-100,8.6,5.666667
1995-Q4,8.389357,4.566667,9.8,9.3,7.102847,-100,-100,3.766667,6.633333,-100,10.7,-100,15.2,12.16667,6.765602,8.433333,-100,-100,-100,12.1,6.825059,11.1,3.333333,2.033333,-100,-100,2.9,6.533333,8.333333,6.4,5.066667,-100,-100,8,-100,-100,20.63333,8.966666,-100,-100,8.3,5.566667
1996-Q1,8.398942,4.766667,9.866667,9.5,6.850688,-100,-100,3.633333,6.666667,-100,10.76667,-100,14.73333,12.3,6.775577,8.566667,-100,10.13333,-100,12,6.495702,11,3.366667,1.933333,-100,-100,3.033333,6.033333,8.1,6.4,4.933333,-100,-100,8.033334,-100,7.1,20.33333,9,-100,-100,8.2,5.533333
1996-Q2,8.414806,4.8,9.666667,9.433333,6.296847,-100,-100,3.9,6.533333,-100,10.8,-100,14.4,12.36667,6.792516,8.766666,-100,10,-100,11.83333,6.313071,11.3,3.4,2.033333,-100,-100,3.066667,5.6,7.8,6.2,4.833333,-100,-100,8.166667,-100,6.966667,20.13333,9.5,-100,-100,8.3,5.5
1996-Q3,8.620714,4.7,9.433333,9.666667,6.278135,-100,-100,3.9,6.266667,-100,10.8,-100,14.86667,12.43333,6.702859,9,-100,9.8,-100,11.63333,6.654221,11.1,3.333333,2.033333,-100,-100,2.833333,5.366667,7.5,6.5,4.733333,-100,-100,7.933333,-100,6.766667,19.86667,9.733334,-100,-100,8.1,5.266667
1996-Q4,8.619066,4.6,9.233334,9.833333,5.869813,-100,-100,4.1,5.8,-100,10.8,-100,14.2,12.5,6.756966,9.3,-100,9.433333,-100,11.13333,7.070201,11.2,3.366667,2.2,-100,-100,2.8,4.833333,7.2,6.2,4.6,-100,-100,7.833333,-100,6.8,19.3,9.933333,-100,-100,7.8,5.333333
1997-Q1,8.619754,4.666667,9.1,9.433333,6.109621,-100,-100,4.2,5.466667,10.2,10.83333,-100,13.4,12.5,6.686214,9.533334,-100,9.133333,-100,10.63333,7.222445,11.26667,3.333333,2.666667,-100,-100,2.633333,4.066667,6.9,6.7,4.2,-100,11.53333,7.833333,-100,6.733333,18.7,10.26667,-100,-100,7.3,5.233333
1997-Q2,8.481375,4.7,9.133333,9.3,6.322616,-100,-100,4.6,5.233333,9.7,10.83333,-100,12.96667,12.4,6.588771,9.7,-100,9.033334,-100,10.2,7.664562,11.4,3.333333,2.566667,-100,-100,2.6,3.866667,6.6,6.8,4.133333,-100,10.96667,7.433333,-100,6.8,18.7,10.3,-100,-100,7.2,5
1997-Q3,8.372772,4.8,9.3,8.866667,6.221526,-100,-100,4.933333,5.166667,9.5,10.7,-100,12.33333,12.33333,6.473415,9.7,-100,9,-100,9.6,7.954044,11,3.433333,2.433333,-100,-100,2.733333,3.666667,6.3,7,3.833333,-100,10.66667,7.566667,-100,7.066667,18.4,9.733334,-100,-100,6.8,4.866667
1997-Q4,7.97573,4.866667,9.333333,8.766666,5.818147,-100,-100,5.433333,5.1,9.2,10.63333,-100,12,12.16667,6.395488,9.7,-100,9.066667,-100,9,8.72161,11.3,3.5,2.8,-100,-100,2.833333,3.266667,5.933333,7,3.466667,-100,10.23333,7.2,-100,7.133333,17.8,9.133333,-100,-100,6.5,4.666667
1998-Q1,7.839492,4.933333,9.433333,8.6,5.528013,-100,-100,5.766667,4.966667,9.2,10.5,-100,11.73333,12.03333,6.365328,9.666667,-100,9.1,-100,8.333333,8.72161,11.1,3.666667,4.966667,-100,-100,2.8,3.4,5.6,7.4,3.266667,-100,9.9,6.766667,12.16667,7.333333,16.83333,8.666667,-100,-100,6.4,4.633333
1998-Q2,7.732748,4.833333,9.433333,8.333333,5.841139,-100,-100,6.066667,4.866667,9.1,10.56667,-100,11.66667,12.06667,6.349581,9.5,10.93333,8.9,-100,7.766667,9.085989,11.5,4.066667,7.033333,14.36667,13.56667,2.766667,3.233333,5.3,7.9,3.333333,-100,9.9,6.1,12.33333,7.4,16.66667,8.6,-100,-100,6.3,4.4
1998-Q3,7.786748,4.666667,9.366667,8.2,6.332663,-100,-100,6.7,4.866667,9.1,10.43333,-100,11.26667,12.1,6.38804,9.3,11.1,8.566667,-100,7.3,8.202369,11.3,4.266667,8.133333,14.1,12.43333,2.633333,3.2,5,7.7,3,-100,10.23333,5.9,13.03333,7.4,16.43333,8,-100,-100,6.2,4.533333
1998-Q4,7.373535,4.4,9.133333,8.033334,7.949708,-100,-100,7.366667,4.833333,9.3,10.26667,-100,10.83333,12,6.345039,9.066667,11.3,8.066667,-100,6.8,8.051729,11.43333,4.4,7.966667,13.73333,13.06667,2.5,3.066667,4.7,7.9,2.8,-100,10.8,5.766667,13.36667,7.4,15.7,7.466667,-100,-100,6.1,4.433333
1999-Q1,7.081223,4.233333,8.966666,7.9,8.808718,-100,-100,8.2,5,10.1,10,-100,10.6,11.93333,6.263071,8.833333,11.4,7.166667,-100,6.366667,8.646311,11.1,4.6,7.4,13.76667,13.53333,2.4,2.8,4.5,7.5,2.766667,-100,11.93333,5.833333,14.8,7.233333,14.33333,7.1,-100,-100,6.2,4.3
1999-Q2,6.885092,4.2,8.9,7.9,10.65206,-100,-100,8.566667,4.966667,11.1,9.866667,-100,10.33333,11.53333,6.203554,8.633333,12.03333,6.933333,-100,6.2,8.978733,11.06667,4.733333,7.033333,13.83333,13.86667,2.4,2.7,4.333333,7.3,2.866667,-100,12.93333,6,16.1,7.533333,13.53333,6.766667,3.0992,-100,6,4.266667
1999-Q3,6.873126,4.033333,8.133333,7.5,10.97117,-100,-100,8.966666,5.166667,11.8,9.733334,-100,10.1,11.13333,6.108209,8.466666,12.03333,6.733333,-100,5.566667,8.850125,10.93333,4.7,6.366667,14.13333,15.23333,2.4,2.366667,4.166667,7,3.133333,-100,13.83333,5.633333,17.03333,7.6,13.46667,6.633333,-100,-100,5.9,4.233333
1999-Q4,6.63275,4.1,7.7,6.966667,10.14889,-100,-100,9.1,5.3,12.4,9.566667,-100,10.1,10.66667,5.917001,8.3,12.33333,6.666667,-100,5.533333,8.731811,10.66667,4.633333,5.266667,14.43333,15.86667,2.4,2.366667,4.033333,6.4,3.4,-100,14.8,5.4,18.03333,7.333333,13.06667,6.333333,-100,-100,5.8,4.066667
2000-Q1,6.649405,4.233333,7.1,6.866667,9.007511,-100,-100,9.233334,4.666667,14.36667,9.3,9.2,10.16667,10.23333,5.855763,8.133333,11.56667,6.566667,-100,4.8,8.583014,10.56667,4.833333,4.8,14.33333,15.63333,2.3,2.2,3.866667,6.5,3.366667,-100,15.8,5.433333,18.5,6.8,12.46667,6.066667,-100,-100,5.8,4.033333
2000-Q2,6.301096,3.7,6.8,6.666667,9.405516,-100,-100,8.866667,4.433333,14.13333,9.033334,9.066667,9.8,9.7,5.687953,8,11.46667,6.4,-100,4.6,8.730902,10.26667,4.7,4.366667,14.36667,16.5,2.3,2.745935,3.733333,6.3,3.066667,-100,16.2,5.233333,19.16667,7.166667,11.93333,5.766667,2.664994,-100,5.5,3.933333
2000-Q3,5.988653,3.833333,6.9,6.9,10.53602,-100,-100,8.533334,4.1,14.13333,8.9,8.933333,9.6,9.266666,5.646819,7.9,11.23333,6.1,-100,4.233333,8.886909,9.966666,4.666667,4.3,14.36667,16.96667,2.2,2.601958,3.566667,6,3.233333,-100,15.96667,5.366667,18.96667,6.8,11.8,5.433333,-100,-100,5.3,4
2000-Q4,6.17099,3.766667,6.633333,6.9,9.713425,-100,-100,8.4,4.066667,14.26667,8.666667,8.766666,9.4,8.9,5.539552,7.766667,10.63333,5.9,-100,3.9,8.840213,9.6,4.733333,4.2,14.43333,16.6,2.066667,2.464741,3.366667,5.8,3.3,-100,16.5,5.1,18.96667,6.233333,11.46667,5.1,-100,-100,5.2,3.9
2001-Q1,6.365307,3.633333,6.066667,7,9.93468,-100,-100,8.266666,4.366667,14.1,8.433333,8.7,9.266666,8.7,5.620535,7.666667,10.5,5.666667,-100,3.966667,8.610055,9.366667,4.766667,4.533333,13.8,17.73333,1.9,2.805978,3.2,5.5,3.333333,6.465942,17.4,5.266667,19.36667,6.066667,10.66667,5.9,-100,-100,5.1,4.233333
2001-Q2,6.868481,4,6.5,7.1,9.897743,-100,-100,8.1,4.333333,13.56667,8.4,8.7,9.1,8.733334,5.711424,7.666667,10.7,5.6,-100,4,8.88157,9.133333,4.9,3.933333,13.1,17.53333,1.833333,2.740413,3.1,5.4,3.266667,6.530737,18.33333,5.4,19.53333,5.933333,10.5,5.7,2.491579,-100,5,4.4
2001-Q3,6.866495,4.1,6.3,7.166667,10.11939,-100,-100,8.2,4.633333,12.8,8.4,8.733334,9.066667,8.8,5.947078,7.833333,10.63333,5.533333,-100,4.366667,9.51546,9.033334,5.133333,3.733333,13.13333,16.8,1.866667,2.543731,3.1,5.4,3.466667,6.732189,18.46667,5.433333,19.46667,6.066667,10.53333,5.833333,-100,-100,5.1,4.833333
2001-Q4,6.97829,4.3,7.4,7.633333,9.450826,-100,-100,7.933333,4.7,11.66667,8.466666,8.866667,9.1,8.8,6.329272,8.033334,10.86667,5.5,-100,4.4,10.1992,8.866667,5.366667,3.7,13.86667,17.5,2,2.981952,3.133333,5.6,3.633333,7.04687,19.03333,5.4,19.46667,6.7,10.6,5.966667,-100,-100,5.2,5.5
2002-Q1,6.626219,4.5,7.333333,7.933333,10.0042,-100,-100,7.433333,4.433333,11.46667,8.5,8.966666,9.1,8.766666,6.39289,8.166667,10.7,5.5,-100,4.5,10.36528,8.533334,5.266667,3.466667,12.66667,15.93333,2.2,3.139209,3.3,5.3,3.7,7.139463,19.46667,5.633333,19,6.566667,11.26667,5.8,-100,-100,5.2,5.7
2002-Q2,6.40369,4.233333,7.3,7.7,9.799969,-100,-100,7.2,4.4,10.8,8.6,9.033334,9.133333,8.633333,6.500677,8.4,10.3,5.533333,-100,4.633333,10.33716,8.833333,5.4,3.266667,13.46667,13.46667,2.4,3.073558,3.5,5.3,3.666667,7.205752,19.96667,6.133333,18.93333,6.233333,11.26667,5.8,2.923533,-100,5.2,5.833333
2002-Q3,6.279326,4.4,7.5,7.533333,9.889746,-100,-100,7.2,4.933333,11.3,8.733334,9.1,9.1,8.6,6.477767,8.733334,10.23333,5.633333,-100,4.5,10.27996,8.6,5.433333,3.166667,11.46667,12.9,2.666667,2.857083,3.8,5.5,3.566667,7.2446,20.46667,6.633333,18.76667,6.233333,11.73333,6.066667,-100,-100,5.3,5.733333
2002-Q4,6.156702,4.433333,7.966667,7.566667,9.513707,-100,-100,7.333333,4.8,11.73333,8.866667,9.1,9,8.566667,6.528587,9.1,10,5.7,-100,5.266667,10.14563,8.466666,5.333333,3.1,12.3,12.8,3,2.841613,4.1,5.1,3.8,7.282763,20.26667,7.433333,18.6,6.333333,11.6,6.166667,-100,-100,5.1,5.866667
2003-Q1,6.055103,4.533333,8.1,7.466667,9.563561,-100,-100,7.333333,5,11.23333,9.133333,9.8,8.966666,8.3,6.586913,9.5,9.733334,5.7,3.966667,4.833333,10.65303,8.733334,5.333333,3.266667,11.4,12.46667,3.3,2.998102,5.433333,5,3.966667,7.294112,19.76667,7.633333,18,6.666667,11.66667,6.233333,-100,-100,5.2,5.866667
2003-Q2,6.050197,4.8,8.1,7.666667,9.597147,-100,-100,7.7,5.533333,10.96667,9.2,9.833333,9.3,8.5,6.737204,9.733334,9.7,5.8,3.133333,4.766667,10.32521,8.466666,5.433333,3.533333,11.73333,13,3.6,3.183627,5.8,4.8,4.233333,7.402645,19.56667,7.9,17.33333,6.8,11.4,6.333333,4.115754,-100,4.9,6.133333
2003-Q3,5.906119,4.8,8.133333,7.8,9.733737,-100,-100,7.933333,5.433333,9.9,9.2,9.9,8.9,8.433333,6.669775,9.8,9.7,5.7,3.533333,5.033333,10.82036,8.4,5.166667,3.7,12.3,12.43333,3.933333,3.685819,6.1,4.5,4.366667,7.360967,19.93333,7.8,17.5,6.8,11.53333,6.633333,-100,-100,5,6.133333
2003-Q4,5.707921,5.033333,8.366667,7.433333,9.260972,-100,-100,8.2,5.766667,9.7,9.233334,9.933333,8.966666,8.833333,6.516224,9.8,9.9,5.7,3.466667,4.766667,10.8832,8.2,5.033333,3.8,11.1,11.86667,4.3,3.735867,6.366667,4.7,4.333333,7.258611,19.76667,7.866667,17.96667,6.533333,11.36667,7.066667,-100,-100,4.9,5.833333
2004-Q1,5.536338,6,8.533334,7.3,9.513967,-100,-100,8.433333,5.666667,10.1,9.4,10.06667,8.866667,8.9,6.451024,10.06667,10.93333,5.766667,3.5,5.133333,10.9159,8.2,4.9,3.533333,11.86667,11.4,4.733333,3.914457,6.6,4.3,4.166667,7.290731,19.9,7.6,18.9,6.5,11.2,7.333333,-100,-100,4.8,5.7
2004-Q2,5.434886,5.8,7.766667,7.166667,10.40111,-100,-100,8.333333,5.466667,9.733334,9.4,10,9.2,8.8,6.3846,10.3,10.63333,5.9,3.433333,4.666667,10.44074,8.066667,4.733333,3.6,11.33333,10.9,5,3.943343,6.933333,4.2,4.233333,7.211437,19.33333,8.066667,18.8,6.333333,11.2,7.366667,4.316408,-100,4.8,5.6
2004-Q3,5.478562,5.766667,8.866667,7,10.41225,-100,-100,8.233334,5.6,10.2,9.4,9.933333,8.633333,8.866667,6.314413,10.36667,10.43333,6.166667,3.366667,4.533333,10.12025,7.9,4.766667,3.766667,11.7,10.76667,5.1,3.878943,6.733333,3.9,4.366667,7.157581,18.86667,8.4,18.03333,6.166667,10.96667,7.433333,-100,-100,4.7,5.433333
2004-Q4,5.116692,5.933333,8.366667,7.133333,9.720476,-100,-100,8.266666,5.333333,9.766666,9.4,9.966666,8.566667,8.966666,6.300812,10.6,10.33333,6.433333,3.066667,4.7,9.746686,8,4.533333,3.766667,12,10.5,4.933333,3.934365,6.866667,3.7,4.4,7.089259,18.43333,8.566667,17.7,6.3,10.53333,7.366667,-100,-100,4.7,5.433333
2005-Q1,5.105891,5.8,8.466666,6.933333,9.352801,-100,-100,8.066667,5.233333,9.033334,9.3,9.8,8.7,8.633333,6.243945,10.83333,10.1,6.766667,3.233333,4.433333,9.399911,7.9,4.533333,3.7,11.13333,9.533334,4.733333,3.807518,7.1,3.9,4.5,6.927142,18.2,8.866667,17.13333,6.433333,9.9,7.366667,-100,9.233334,4.7,5.3
2005-Q2,5.056305,6.133333,8.5,6.833333,9.619928,-100,-100,7.966667,5.066667,8.066667,9.333333,9.8,8.433333,8.8,6.194677,11.2,10.03333,7.166667,2.4,4.866667,9.02829,7.8,4.433333,3.733333,10.06667,8.966666,4.666667,3.75959,7.1,3.8,4.6,6.900121,18.4,9.133333,16.53333,6.033333,9.4,8.1,4.436376,9.6,4.8,5.1
2005-Q3,4.957775,6.033333,8.5,6.7,9.265656,-100,-100,7.8,4.733333,7.7,9.2,9.633333,8.133333,9,6.114062,11.16667,10.13333,7.366667,2.333333,4.7,8.807969,7.666667,4.3,3.833333,9.933333,7.733333,4.533333,3.548523,6.933333,3.8,4.6,6.779899,18,9.5,16.06667,6.566667,8.633333,7.966667,-100,9.5,4.7,4.966667
2005-Q4,5.007061,6.133333,8.433333,6.533333,8.700712,-100,-100,7.9,4.166667,7.2,9.133333,9.5,8.233334,9.1,6.126923,10.86667,9.766666,7.4,3.233333,4.533333,8.952209,7.666667,4.433333,3.666667,8.833333,7.033333,4.633333,3.264087,6.833333,3.7,4.4,6.726039,17.06667,9.433333,15.7,7.1,8.7,7.833333,-100,9.7,5.1,4.966667
2006-Q1,5.043404,6.1,8.566667,6.6,8.57858,-100,-100,7.666667,4.166667,6.366667,8.9,9.2,8,9.166667,5.948763,10.53333,9.333333,7.366667,2.5,4.7,8.693213,7.333333,4.2,3.466667,8.266666,6.433333,4.566667,3.520777,6.433333,4.1,4.1,6.542812,15.5,9.133333,14.63333,6.533333,8.733334,7.666667,-100,9.5,5.2,4.733333
2006-Q2,4.856501,5.7,8.666667,6.333333,8.528191,-100,-100,7.233333,4.1,6.2,8.6,8.866667,7.766667,8.933333,5.831675,10.2,9.133333,7.333333,3.533333,4.733333,8.640979,6.966667,4.133333,3.466667,6.933333,5.833333,4.533333,3.359308,6.133333,3.7,3.866667,6.372372,14.36667,9.1,13.7,6.166667,8.5,7.533333,4.000095,9.033334,5.5,4.633333
2006-Q3,4.677621,5.266667,7.9,6.5,7.500238,-100,-100,7,3.7,5.8,8.366667,8.6,7.633333,8.933333,5.772984,9.9,8.766666,7.566667,3.5,5,8.334103,6.666667,4.1,3.5,6.333333,5.766667,4.6,3.701857,5.933333,3.9,3.433333,6.285965,13.5,9.3,13.06667,5.733333,8.266666,7.1,-100,8.933333,5.5,4.633333
2006-Q4,4.514713,5.3,7.933333,6.366667,6.584089,-100,-100,6.633333,3.633333,5.433333,8.133333,8.3,7.366667,8.366667,5.580726,9.566667,8.8,7.566667,3.266667,4.633333,7.822766,6.533333,4.033333,3.5,6.533333,5.1,4.6,3.808974,5.866667,3.8,2.933333,6.108933,12.4,9.7,12.36667,5.466667,8.266666,6.733333,-100,8.766666,5.5,4.433333
2007-Q1,4.548496,5.266667,7.833333,6.333333,6.873321,11.78873,-100,5.833333,3.9,5,7.9,7.9,7.166667,8.466666,5.530197,9.066667,8.666667,7.133333,2.166667,4.9,7.663089,6.166667,4,3.2,6.833333,4.366667,4.366667,3.950361,5.633333,3.9,2.866667,5.997024,10.76667,9.766666,11.43333,5.266667,8.2,6.6,-100,8.9,5.5,4.5
2007-Q2,4.324156,5.5,8,6.2,6.534467,11.26869,-100,5.433333,3.6,4.833333,7.666667,7.6,6.666667,8.1,5.369656,8.666667,8.433333,7.133333,2.366667,5,7.552183,6,3.766667,3.3,6.1,4.333333,4.133333,3.559457,5.266667,3.6,2.6,5.807569,9.733334,9.766666,11.33333,4.833333,7.966667,6.266667,3.651324,9.2,5.4,4.5
2007-Q3,4.254566,5.233333,7.066667,6,7.29756,11.11445,-100,5.1,4.033333,4.1,7.566667,7.5,6.9,8,5.402433,8.433333,8.333333,7.366667,2.766667,4.9,7.181745,6.233333,3.733333,3.266667,5.866667,4.233333,4.033333,3.63201,5.233333,3.6,2.666667,5.819078,9.3,9.533334,11.43333,4.6,8.233334,6.166667,-100,9.2,5.3,4.666667
2007-Q4,4.353099,4.8,7.066667,6.1,7.847308,10.96308,-100,4.9,3.566667,4.033333,7.433333,7.333333,6.633333,7.5,5.423061,8.2,8.133333,7.833333,2.433333,5.233333,6.713046,6.433333,3.833333,3.266667,5.4,4.066667,4.166667,3.740445,5.066667,3.4,2.666667,5.823328,8.633333,9.3,10.66667,4.666667,8.6,6.233333,-100,9.4,5.2,4.8
2008-Q1,4.085312,4.566667,6.9,6.133333,7.662316,11.06768,-100,4.566667,3.433333,4.333333,7.366667,7.133333,6.333333,7.133333,5.466079,7.9,7.8,7.633333,2.566667,5.366667,6.197748,6.566667,3.9,2.966667,6.466667,4.166667,4.4,3.876664,4.8,3.8,2.633333,5.825947,7.533333,8.966666,10.3,4.7,9.3,6.066667,-100,9.4,5.2,5
2008-Q2,4.257822,4.1,6.633333,6.166667,7.996058,11.10912,-100,4.366667,3.466667,4.2,7.533333,7.2,6.166667,7.333333,5.62588,7.566667,7.666667,7.633333,2.366667,5.966667,5.995101,6.866667,3.966667,3.133333,6.433333,4.4,4.8,3.640692,4.8,3.8,2.766667,5.942107,7.133333,9.133333,10.1,4.366667,10.4,6.2,3.350627,9.333333,5.4,5.333333
2008-Q3,4.184323,4.333333,7.5,6.233333,7.39604,11.62271,-100,4.266667,3.766667,6.1,7.7,7.3,6.4,7.5,5.927666,7.133333,7.766667,7.766667,3.533333,7.366667,5.965548,6.733333,4,3.2,7.7,6.366667,5.066667,3.886885,4.733333,4.1,3,6.24214,6.8,9.333333,9.066667,4.266667,11.53333,6.366667,-100,9.966666,5.9,6
2008-Q4,4.44032,4.733333,6.833333,6.7,8.13226,11.75115,-100,4.433333,4.133333,7.933333,8.133333,7.666667,6.566667,7.8,6.394969,7,8.1,8.2,5.133333,8.533334,6.399819,6.966667,4.066667,3.366667,10.53333,8.333333,5.2,4.493989,4.733333,4.4,3.266667,6.764876,6.8,9.466666,8.9,4.266667,13.83333,6.9,-100,11.36667,6.4,6.866667
2009-Q1,5.306237,5.133333,7.866667,7.966667,9.349306,11.8316,-100,5.6,5.266667,11.13333,9.033334,8.666667,7.4,8.6,7.318046,7.133333,9.066667,9,7.466667,10.86667,7.469288,7.4,4.566667,3.366667,13.83333,10.7,5.4,5.027049,4.9,5,3.233333,7.701683,7.533333,10.3,10.33333,5,16.73333,7.633333,-100,13.1,7.1,8.266666
2009-Q2,5.728152,5.733333,7.933333,8.6,10.26826,11.79541,-100,6.5,6.533333,12.93333,9.6,9.2,8.533334,9.133333,8.007986,7.333333,9.333333,9.433333,8.5,12.6,7.922165,7.566667,5.1,3.833333,16.96667,13.33333,5.3,5.495278,5.233333,5.8,3.533333,8.347669,7.933333,11.03333,11.6,5.633333,17.86667,8.566667,4.115837,13.73333,7.8,9.3
2009-Q3,5.682242,6.066667,8,8.7,9.782585,12.47453,-100,7.3,6.7,14.2,9.9,9.533334,8.566667,9.2,8.258224,7.366667,9.933333,10,8,13.3,7.67085,8.1,5.433333,3.766667,19.33333,14.9,5.066667,5.855412,5.6,6.2,3.433333,8.586068,8.366667,11.73333,12.66667,6.3,18.2,8.866667,-100,13.06667,7.8,9.633333
2009-Q4,5.557048,5.766667,8.166667,8.566667,9.352876,12.6768,-100,7.4,7.266667,15.76667,10.1,9.8,9.066667,9.533334,8.353921,7.133333,10.63333,10.36667,8.333333,13.83333,7.204072,8.4,5.2,3.633333,20.43333,16.26667,4.9,5.552467,5.933333,6.6,3.633333,8.649218,8.733334,11.86667,13.8,6.4,18.73333,9,-100,12.23333,7.8,9.933333
2010-Q1,5.327791,5.366667,8.633333,8.366667,9.333111,11.86465,-100,7.766667,7.666667,18.93333,10.26667,10.1,8.966666,9.4,8.282765,6.966667,11.46667,10.76667,8.2,13.8,6.863624,8.566667,5.033333,4.1,20.63333,17.33333,4.633333,5.392542,6.2,5.9,4.066667,8.676497,10.3,12.03333,15.03333,6.733333,19.26667,9.133333,5.135922,12.06667,8,9.833333
2010-Q2,5.290223,5.366667,8.466666,8.1,8.301338,12.18786,-100,7.3,7.766667,18.03333,10.33333,10.13333,8.533334,9.266666,8.166569,6.666667,12.46667,10.9,8.4,14.36667,6.548932,8.633333,5.133333,3.433333,20.06667,18.2,4.466667,5.387725,6.133333,6.6,4.033333,8.571825,10,12.7,14.7,7.266667,19.96667,8.966666,4.876089,11.2,7.9,9.633333
2010-Q3,5.123938,5.133333,8.5,8.2,7.787477,11.77339,8.723137,7.133333,7.633333,15.3,10.23333,10,8.4,9.2,8.019755,6.366667,13.26667,10.73333,8.133333,14.56667,6.644068,8.4,5.066667,3.7,19.06667,18.16667,4.433333,5.239056,6.1,6.1,3.8,8.426082,9.8,12.86667,14.16667,7.233333,20,8.7,4.800108,10.86667,7.8,9.466666
2010-Q4,5.08958,4.9,7.933333,7.9,7.795552,11.99847,9.075653,6.966667,7.933333,14,10.23333,10.03333,8.333333,9.2,8.001758,6.2,14.46667,10.76667,8.633333,15.66667,6.461596,8.4,5,3.566667,18.16667,17.63333,4.733333,5.505328,5.933333,6.2,3.866667,8.421553,9.8,12.73333,13.83333,7.766667,20.23333,8.3,4.401618,10.33333,7.9,9.5
2011-Q1,4.966088,5.166667,7.133333,7.8,7.597094,11.35569,9.81929,6.933333,7.9,14.16667,10.1,9.933333,8.466666,9.166667,7.679451,5.866667,15.76667,10.86667,8.133333,15.16667,5.953878,8.133333,4.733333,3.666667,17.03333,16.83333,4.7,5.179618,5.8,6,3.366667,8.156765,9.733334,12.9,13.86667,8.033334,20.5,8.066667,4.434529,9.666667,7.8,9.033334
2011-Q2,4.962708,4.8,7,7.733333,6.927374,11.20843,9.901997,6.833333,7.466667,12.9,10.06667,9.9,7.866667,9.1,7.657603,5.566667,16.96667,10.56667,8.166667,15.03333,5.463726,8.166667,4.666667,3.366667,16.86667,15.8,4.766667,5.413176,5.766667,6.1,3.633333,8.127334,9.9,13.03333,13.5,7.933333,20.76667,7.966667,4.160807,9.533334,7.9,9.066667
2011-Q3,5.193826,4.366667,7.6,7.4,7.330659,10.72355,10.91728,6.566667,7.6,11.1,10.33333,10.1,7.866667,9.2,7.637797,5.433333,18.76667,10.63333,7.166667,15.6,5.6,8.666667,4.466667,3.266667,15.46667,15.3,5.033333,5.322136,6.066667,6,3.533333,8.123089,10,13.46667,13.33333,8.066667,21.73333,7.833333,4.476245,8.8,8.3,9
2011-Q4,5.204558,5.2,7.2,7.533333,7.34787,10.62002,10.5274,6.533333,8.066667,11.13333,10.7,10.4,7.666667,9.366667,7.541952,5.233333,20.86667,10.56667,7.2,15.86667,5.4,9.366667,4.466667,3.233333,15.4,13.66667,4.833333,5.02271,6.5,6.1,3.666667,8.098736,10.2,14.63333,13.76667,8.7,22.66667,7.966667,4.53972,8.466666,8.4,8.633333
2012-Q1,5.139756,4.866667,7.266667,7.533333,6.809469,10.50661,10.57666,6.866667,7.733333,11.06667,11.03333,10.66667,7.733333,9.466666,7.423209,5.1,22.33333,10.8,7.566667,15.93333,7.033479,10.2,4.5,3.3,15.8,14,4.933333,5.016326,6.533333,6.4,3.433333,8.081679,10.2,15.4,13.86667,8.1,23.6,7.933333,4.262722,8.533334,8.2,8.266666
2012-Q2,5.118809,5.2,7.366667,7.433333,6.52263,10.62947,10.28331,6.833333,8.233334,10,11.4,10.96667,7.666667,9.666667,7.40739,5.1,24.33333,10.6,6.733333,15.53333,6.897932,10.73333,4.4,3.2,16.1,13.5,5.066667,4.953815,6.733333,6.4,3.433333,8.10962,10.3,16.23333,13.83333,8.4,24.53333,8.033334,4.340014,8.266666,8,8.2
2012-Q3,5.274601,5.466667,7.6,7.366667,6.347424,10.41263,9.975254,7,7.766667,9.366667,11.63333,11.16667,8.066667,9.733334,7.310954,5.033333,25.9,10.46667,6.633333,15.46667,6.674599,11.1,4.233333,3.166667,14,13.1,5.033333,4.793234,6.833333,6.7,3.366667,8.081948,10.56667,16.86667,13.76667,9.4,25.23333,8.266666,4.500242,8.233334,7.9,8.033334
2012-Q4,5.365888,5.4,8.366667,7.3,6.702663,10.4533,9.877313,7.266667,7.433333,9.133333,11.96667,11.43333,7.866667,10.2,7.275574,5,26.63333,10.43333,5.9,15,6.888456,11.6,4.166667,3.133333,14.23333,13,5.3,5.051979,7.2,6.3,3.766667,8.151171,10.56667,17.83333,14.16667,9.566667,25.86667,8.366667,4.835716,8.6,7.8,7.8
2013-Q1,5.473557,5.833333,8.5,7.133333,6.433611,10.26192,9.736065,7.2,7.533333,9.6,12.2,11.7,8.433333,10.4,7.301174,5.066667,27.43333,10.53333,6.3,14.53333,6.731958,12.03333,4.2,3.1,12.56667,12.06667,5.6,4.994082,7.7,5.8,3.866667,8.207125,10.9,18.16667,14.36667,10.5,26.3,8.266666,4.792141,8.866667,7.9,7.733333
2013-Q2,5.630916,5.466667,8.533334,7.133333,6.020765,9.760231,10.51797,6.966667,7.466667,7.966667,12.2,11.63333,8.066667,10.43333,7.183714,4.966667,27.9,9.666667,6.266667,14.36667,6.495513,12.36667,4.033333,3.033333,11.36667,11.73333,5.8,5.099388,8.133333,6,3.933333,8.097327,10.86667,17.66667,14.3,10.53333,26.2,8.2,4.821294,9,7.8,7.533333
2013-Q3,5.727043,5.733333,8.533334,7.2,5.652454,9.630187,8.948812,6.9,7.366667,7.9,12.1,11.5,8.133333,10.23333,7.020014,4.9,28.06667,9.366667,5.666667,13.33333,5.894612,12.46667,3.933333,3.133333,12,11.73333,5.933333,4.865921,8.5,5.8,3.933333,7.956335,10.5,16.83333,14.03333,9.7,26.1,8.2,4.711599,9.2,7.6,7.233333
2013-Q4,5.839533,5.866667,8.633333,7.233333,6.217202,9.287107,8.327306,6.766667,7.1,8.566667,12.06667,11.46667,8.5,10.16667,6.834527,4.833333,27.8,8.633333,5.366667,12.83333,5.696071,12.6,3.866667,3.133333,11.53333,11.66667,6,4.757864,8.466666,5.7,4.033333,7.789482,10.2,15.96667,13.96667,9.733334,25.8,8.133333,4.66586,9.133333,7.2,6.933333
2014-Q1,5.898127,6.1,8.733334,7.166667,6.509525,9.529139,9.811724,6.533333,7.033333,8.366667,11.96667,11.36667,8.7,10.2,6.636278,4.8,27.23333,7.833333,5.933333,12.83333,5.804389,12.86667,3.666667,3.4,11.43333,11.3,5.966667,4.936134,8.666667,5.6,3.7,7.694679,10.23333,15.43333,13.76667,10.2,25.3,8.266666,4.953731,9.4,6.8,6.666667
2014-Q2,5.927429,5.866667,8.533334,7.166667,6.268085,9.051115,9.074179,6.2,6.833333,7.166667,11.73333,11,8.633333,10.13333,6.38936,4.733333,27,7.7,5.466667,12.2,5.930834,12.56667,3.633333,3.533333,10.63333,11.06667,5.966667,4.957119,8.466666,5.3,3.5,7.479854,9.5,15,13.36667,9.5,24.56667,8.133333,4.952777,9.7,6.3,6.2
2014-Q3,6.173982,6.066667,8.633333,7.033333,6.530756,9.043031,9.94956,5.933333,6.933333,7.266667,11.63333,10.83333,8.566667,10.26667,6.306572,4.7,26.36667,7.233333,5.466667,11.66667,6.072957,12.76667,3.566667,3.533333,10.83333,10.23333,6.033333,4.921919,8.1,5.3,3.933333,7.39004,8.7,14.23333,12.83333,9.5,24.13333,8.033334,4.863562,10.06667,6,6.066667
2014-Q4,6.252626,6.1,8.7,6.766667,6.674826,9.156116,9.650769,5.833333,6.866667,6.466667,11.56667,10.83333,9.2,10.46667,6.114284,4.633333,25.96667,7.133333,5,10.9,5.692309,12.86667,3.466667,3.566667,10.43333,10.33333,6.166667,4.500734,8.133333,5.5,3.966667,7.239195,8.433333,13.96667,12.46667,9.6,23.8,8,4.541714,10.4,5.7,5.7
2015-Q1,6.201218,5.966667,8.866667,6.833333,6.227697,8.864635,10.14111,5.766667,6.366667,6.733333,11.33333,10.56667,9.333333,10.36667,5.973077,4.5,25.73333,7.066667,5.033333,10.6,5.425383,12.46667,3.5,3.533333,9.833333,9.3,6.366667,4.31653,8.166667,5.5,4.5,7.091891,8.266666,13.86667,12.13333,9.233334,23.16667,7.933333,4.399591,10.56667,5.6,5.533333
2015-Q2,6.016897,6.266667,8.666667,6.866667,6.429113,8.870548,9.471301,5.1,6.333333,6.633333,11.13333,10.33333,9.533334,10.43333,5.897883,4.4,25.06667,6.7,4.633333,10.06667,5.121419,12.26667,3.366667,3.7,9.7,9.266666,6.5,4.45881,8,5.5,4.6,6.984722,7.733333,12.9,11.56667,9.4,22.43333,7.833333,4.715957,10.3,5.6,5.433333
2015-Q3,6.18258,6.066667,8.266666,7,6.335723,9.052155,9.254515,4.866667,6.233333,5.666667,10.8,10,9.433333,10.3,5.682373,4.3,24.73333,6.3,4.733333,9.566667,5.205585,11.66667,3.366667,3.633333,9.966666,9.166667,6.5,4.338315,7.733333,5.6,4.733333,6.785418,7.466667,12.73333,11.3,8.8,21.63333,7.3,4.954506,10.13333,5.4,5.1
2015-Q4,5.833973,6.333333,8.833333,7.1,6.32086,8.977176,9.586513,4.566667,6.133333,6.466667,10.63333,9.833333,9.5,10.26667,5.601381,4.233333,24.36667,5.9,3.833333,9.466666,5.23157,11.63333,3.266667,3.533333,10.03333,8.833333,6.5,4.29996,7.733333,5,4.9,6.687294,7.166667,12.63333,10.9,8.5,21,7.3,5.131221,10.26667,5.1,5.033333
2016-Q1,5.79401,6.433333,8.266666,7.266667,6.488205,9.574315,9.497936,4.166667,5.966667,6.7,10.4,9.566667,9.233334,10.3,5.536173,4.133333,24.23333,5.533333,3.6,8.933333,5.229513,11.63333,3.233333,3.7,9.866667,8.066667,6.4,4.126987,7.433333,5.3,5.133333,6.601995,6.7,12.36667,10.26667,8.333333,20.43333,7.333333,4.953092,10.16667,5.1,4.9
2016-Q2,5.68714,6.6,8.166667,7.066667,6.763041,8.909256,9.389333,4.033333,6.066667,6.7,10.23333,9.366667,8.933333,10.03333,5.481281,4,23.96667,5,3.3,8.8,4.818585,11.7,3.166667,3.566667,9.5,8.1,6.233333,3.988856,7.233333,5.1,4.933333,6.496567,6.4,11.63333,9.866667,7.966667,20.1,7.066667,4.945678,10.36667,5,4.933333
2016-Q3,5.664166,6.633333,7.7,6.933333,6.818763,9.219108,9.694082,3.933333,6,7.233333,9.966666,9.133333,8.6,9.866667,5.407808,3.866667,23.73333,4.7,3.466667,8.233334,4.747184,11.73333,3.033333,3.833333,9.766666,7.9,6.3,3.794098,6.833333,5,4.933333,6.440064,6.233333,11.2,9.466666,7.5,19.3,7.066667,4.938857,11.26667,4.9,4.9
2016-Q4,5.7338,6.166667,7.233333,6.866667,6.668929,9.172502,9.578053,3.666667,5.9,6.666667,9.833333,8.933333,8.966666,10.06667,5.351335,3.733333,23.56667,4.366667,3.133333,7.566667,4.493136,11.83333,3,3.6,9.433333,7.6,6.3,3.631219,6.533333,5.3,4.633333,6.345485,5.7,10.66667,9.033334,8.133333,18.73333,7.066667,4.836213,11.73333,4.8,4.766667
2017-Q1,5.805007,6.133333,7.7,6.7,7.020409,9.438245,9.136323,3.333333,6.1,5.866667,9.533334,8.633333,8.966666,9.633333,5.165322,3.7,22.83333,4.2,3.4,7.266667,4.39072,11.56667,2.9,3.7,9,7.733333,5.9,3.462711,6.3,4.9,4.433333,6.197167,5.2,10.13333,8.5,7.3,18.2,6.9,4.88305,11.93333,4.6,4.566667
2017-Q2,5.592672,5.866667,7.233333,6.533333,7.052,8.866037,8.508793,3.033333,5.866667,6.3,9.233334,8.366667,9,9.533334,5.009194,3.6,22.06667,4.166667,3.333333,6.666667,4.391107,11.26667,2.866667,3.666667,8.866667,7.2,5.533333,3.478953,6.066667,4.9,4.633333,5.989146,5.166667,9.5,8.233334,6.633333,17.36667,6.866667,4.710056,11.23333,4.5,4.366667
2017-Q3,5.538592,5.866667,7.066667,6.233333,6.785901,9.394888,9.366279,2.733333,5.933333,5.5,9,8.166667,8.566667,9.466666,4.931784,3.5,21.33333,3.933333,2.9,6.7,4.003576,11.33333,2.8,3.733333,8.7,6.7,5.566667,3.287859,5.766667,4.7,4.233333,5.855447,4.866667,8.933333,7.833333,6.4,16.73333,6.9,4.8386,10.46667,4.3,4.333333
2017-Q4,5.48924,5.833333,6.433333,6.166667,6.992924,9.456561,9.250074,2.433333,5.4,5.666667,8.733334,7.933333,8.4,9.033334,4.796162,3.433333,21.16667,3.766667,3.533333,6.433333,4.111908,10.96667,2.7,3.633333,8.3,6.8,5.466667,3.445672,5.433333,4.5,4.2,5.731899,4.566667,8.3,7.666667,5.866667,16.66667,6.8,4.757638,10.1,4.4,4.166667
2018-Q1,5.541249,5.433333,6.133333,5.9,7.33071,9.506083,10.24547,2.333333,5.2,6.466667,8.6,7.7,8.4,9.266666,4.662983,3.3,20.66667,3.666667,3.033333,5.9,3.741249,10.9,2.466667,3.733333,7.866667,6.766667,5.566667,3.195095,5.1,4.4,4.066667,5.571585,4.033333,7.833333,7,5.566667,16.2,6.333333,4.859221,9.933333,4.3,4.033333
2018-Q2,5.43839,5,6.333333,5.9,7.263626,9.083155,8.696542,2.266667,5.133333,5.133333,8.3,7.466667,7.333333,9.166667,4.567739,3.233333,19.86667,3.433333,3.2,5.866667,4.004476,10.76667,2.366667,3.733333,7.666667,6.066667,5.5,3.338134,4.9,4.6,4.033333,5.488276,3.8,7.2,6.7,5.366667,15.46667,6.433333,4.900539,10.5,4.1,3.933333
2018-Q3,5.195086,5.366667,5.7,5.9,7.26389,9.384959,10.17968,2.266667,4.9,5.333333,8.033334,7.233333,7.2,8.9,4.456365,3.2,19.4,3.533333,3.033333,5.7,4.075232,10.3,2.433333,4.166667,7.133333,5.966667,5.633333,3.248773,4.866667,4,4.133333,5.440796,3.9,6.933333,6.3,5,14.83333,6.533333,4.280111,11.16667,4.2,3.766667
2018-Q4,5.041209,5.1,5.733333,5.7,7.657348,10.12124,11.96272,2.1,5.266667,4.633333,7.933333,7.166667,6.733333,8.766666,4.451954,3.1,19.06667,3.4,3.033333,5.766667,4.099729,10.5,2.466667,3.8,7,5.966667,5.4,3.365382,4.633333,4.3,3.866667,5.495068,3.9,6.766667,6.066667,4.5,14.56667,6.633333,4.81345,12.16667,4.1,3.833333
2019-Q1,5.038626,5.033333,5.633333,5.8,7.192268,10.50055,11.27814,1.966667,5.133333,4.566667,7.766667,6.966667,6.7,8.733334,4.430164,3.033333,18.93333,3.366667,3.433333,4.966667,4.039135,10.33333,2.466667,3.866667,6.633333,6.166667,5.5,3.416709,4.466667,4.2,3.933333,5.54352,3.666667,6.666667,5.733333,4.566667,14.23333,6.866667,4.657908,13.76667,3.9,3.866667
2019-Q2,5.222503,4.866667,5.5,5.566667,7.012968,9.664928,11.89148,2,4.9,4.933333,7.633333,6.8,6.733333,8.533334,4.2652,2.933333,17.7,3.233333,3.866667,5.166667,3.887707,9.966666,2.333333,3.966667,6.333333,6.033333,5.633333,3.549148,4.333333,4.1,3.533333,5.404176,3.3,6.733333,5.666667,4.333333,14.2,6.533333,4.37896,13.73333,4,3.633333
2019-Q3,5.267297,4.766667,5.133333,5.733333,7.141187,10.69795,11.36617,2.1,4.866667,4.166667,7.466667,6.7,6.733333,8.233334,4.18851,2.9,17.53333,3.233333,4.3,5.033333,3.62537,9.6,2.333333,3.666667,6.166667,6.3,5.666667,3.485543,4.466667,4.1,3.9,5.387163,3.133333,6.533333,5.766667,4.766667,14.1,7.133333,4.425073,14.03333,3.9,3.6
2019-Q4,5.169732,4.566667,5.233333,5.7,7.561645,10.60077,12.4489,2.1,5.1,4.3,7.466667,6.7,6.766667,8.2,4.188765,3.066667,17.13333,3.266667,4.233333,4.8,3.679679,9.7,2.3,3.533333,6.066667,6.6,5.666667,3.416365,4.433333,4.1,4.133333,5.331211,2.966667,6.766667,5.7,4.133333,13.9,7.133333,4.115689,13.4,3.9,3.6
2020-Q1,5.178588,4.7,5.1,6.533333,8.170389,11.40602,12.51836,1.866667,4.933333,5.166667,7.333333,6.6,6.766667,7.833333,4.325215,3.3,16.83333,3.333333,4.266667,4.833333,3.499645,8.933333,2.433333,3.633333,7.333333,7.4,6.033333,3.496857,4.066667,4.2,3.7,5.416416,2.866667,6.566667,5.933333,4.3,13.96667,7.333333,4.281733,12.86667,4.1,3.833333
2020-Q2,6.900089,7,5.1,13.36667,11.84975,19.16263,23.84882,2.433333,5.433333,7.1,7.7,7.066667,7.766667,7.4,8.567258,3.6,19.23333,4.433333,6.6,5.133333,4.184149,8.566667,2.733333,4.166667,8.533334,8.5,7.466667,4.881858,4.833333,4.1,4.666667,8.608645,3.233333,6.633333,6.6,5.366667,15.6,8.6,4.732408,13.6,4.2,13
2020-Q3,7.078737,6.433333,6.233333,10.13333,12.01851,17.42161,21.87475,2.833333,6.233333,7.7,8.566667,7.733333,8.366667,8.833333,7.014193,3.866667,17.03333,4.333333,6.766667,7.133333,4.749251,10.16667,2.966667,3.966667,8.533334,9.133333,6.766667,4.943475,5.466667,5.2,5.466667,7.708923,3.366667,8.166667,7.033333,5.066667,16.4,9.3,5.065089,13.2,5,8.8
2020-Q4,6.76965,6.3,5.866667,8.866667,10.99118,15.26933,20.00944,3.066667,5.9,7.6,8.266666,7.5,8.133333,8.033334,6.028942,3.9,17.2,4.3,8.033334,6.266667,4.758542,9.733334,3.066667,4.166667,7.966667,9.066667,6.333333,4.418067,5.066667,4.9,5.166667,6.957191,3.233333,7.233333,7,5.266667,16.23333,8.866667,5.183302,12.9,5.3,6.733333
2021-Q1,5.921211,7.133333,6.666667,8.466666,10.33076,14.64525,18.76758,3.266667,6.133333,7,8.266666,7.5,8.033334,8.133333,5.773121,3.9,16.56667,4.3,7.466667,7.3,5.022364,10.13333,2.866667,4.266667,7.7,7.7,6.266667,4.430783,4.666667,4.6,4.866667,6.750891,3.733333,6.933333,7.1,5.333333,15.7,9.233334,5.564089,12.76667,5.1,6.233333
2021-Q2,5.193082,6.766667,6.3,8.133333,9.210861,14.64811,18.00996,3.066667,5,6.666667,8.1,7.366667,8.133333,8.133333,5.577614,3.7,15.83333,4.1,6.833333,7,5.405163,9.866667,2.9,3.766667,7.866667,7.566667,5.6,4.297538,4.366667,4,5.066667,6.531498,3.6,7.1,6.933333,4.566667,15.66667,9.2,5.252814,12.56667,4.8,5.933333
2021-Q3,4.690436,5.6,6.266667,7.166667,8.179558,12.88832,15.29666,2.666667,4.733333,5.866667,7.566667,6.866667,7.366667,7.8,5.017368,3.433333,13.8,3.966667,4.5,5.5,5.041738,9.1,2.766667,3.166667,7.366667,6.733333,5.033333,4.015435,4.133333,3.3,4.2,5.916316,3.133333,6.5,6.8,4.4,14.86667,8.833333,4.964354,11.63333,4.4,5.066667
2021-Q4,4.689532,5.233333,5.8,6.166667,7.681585,13.00018,13.67677,2.266667,4.466667,5.233333,7.133333,6.5,6.9,7.433333,4.491127,3.266667,13.13333,3.8,4.733333,5.233333,4.3585,9,2.733333,3.233333,7.233333,6.533333,4.733333,3.809686,3.8,3.2,3.633333,5.475853,2.966667,6.266667,6.5,4.633333,13.56667,8.266666,4.611529,11.06667,4.2,4.166667
2022-Q1,4.049551,4.633333,5.333333,5.8,7.741908,12.09283,13.57106,2.366667,4.4,5.666667,6.833333,6.233333,6.7,7.333333,4.233107,3.133333,13.06667,3.6,4.033333,4.866667,3.760536,8.433333,2.7,3,6.933333,6,4.5,3.560915,3.433333,3.2,3.233333,5.205347,2.866667,5.9,6.333333,4.066667,13.26667,7.7,4.419606,10.96667,3.9,3.8
2022-Q2,3.79759,4.466667,5.8,5.166667,7.576176,10.76247,11.66169,2.466667,4.2,5.766667,6.8,6.2,6.4,7.566667,4.089235,3,12.43333,3.533333,3.4,4.233333,3.555002,8.133333,2.6,2.866667,6.6,5.633333,4.4,3.274595,3.3,3.3,3.266667,5.002904,2.8,6.1,6.233333,4.4,13,7.666667,4.335819,10.66667,3.9,3.633333
2022-Q3,3.547675,4.9,5.4,5.033333,7.82175,11.02049,11.981,2.366667,4.533333,5.6,6.7,6.1,7.166667,7.2,4.003892,3.1,12.3,3.633333,3.733333,4.266667,3.649367,8.066667,2.533333,2.766667,6.966667,6.133333,4.633333,3.211448,3.733333,3.3,3.233333,4.922981,2.966667,6.2,6.1,3.933333,12.83333,7.066667,4.190185,10.03333,3.8,3.533333
2022-Q4,3.484983,4.966667,5.666667,5.066667,8.378531,10.97558,11.69769,2.366667,4.7,5.333333,6.7,6.1,6.8,7.133333,3.983436,3.033333,11.96667,3.7,3.6,4.4,4.071889,7.833333,2.533333,2.833333,6.8,6.033333,4.866667,3.046534,3.6,3.4,3.266667,4.924623,2.866667,6.466667,6.066667,3.6,13.06667,7.5,4.253303,10.23333,3.9,3.566667
2023-Q1,3.606905,4.933333,5.633333,5.066667,8.747016,10.59362,10.57667,2.5,4.8,5.466667,6.6,6.033333,6.733333,7.1,3.971203,2.933333,11.1,3.8,3.633333,4.166667,3.884866,7.866667,2.6,2.733333,6.1,6.9,4.9,2.783505,3.533333,3.4,3.633333,4.844993,2.7,6.9,6.033333,3.566667,12.9,7.4,4.136776,9.866667,4,3.5
2023-Q2,3.602913,5,5.633333,5.266667,8.280252,9.953084,9.558286,2.6,4.833333,6.766667,6.5,6,7.1,7.366667,4.029447,2.933333,11.26667,3.933333,2.733333,4.166667,3.602552,7.733333,2.566667,2.6,6.4,6.4,5.033333,2.852812,3.466667,3.6,3.4,4.812882,2.766667,6.433333,5.833333,3.766667,12,7.4,3.932154,9.666667,4.2,3.566667
2023-Q3,3.680556,5.433333,5.333333,5.533333,8.681378,9.599258,8.106108,2.7,4.766667,7.133333,6.566667,6.033333,7.466667,7.4,4.112831,3.066667,11.03333,4,3.566667,4.433333,3.257246,7.6,2.6,2.633333,6.6,6.933333,5.333333,2.785934,3.633333,3.9,3.566667,4.832801,2.833333,6.4,5.866667,3.766667,12,7.8,4.104563,9.233334,4.1,3.7
2023-Q4,3.887946,5.133333,5.533333,5.766667,9.026996,10.49577,7.276247,2.733333,6.033333,6.433333,6.533333,6.1,7.6,7.5,4.126388,3.1,10.83333,4.166667,3.466667,4.466667,3.047481,7.433333,2.5,2.833333,6.966667,7.166667,5.566667,2.764615,3.566667,4,3.7,4.867815,3,6.566667,5.633333,3.5,11.9,8,4.028718,8.8,3.8,3.733333
2024-Q1,3.889801,4.866667,5.666667,5.866667,8.610326,10.80863,7.819996,2.833333,5.833333,7.733333,6.5,6.066667,7.933333,7.433333,4.169238,3.2,11.23333,4.333333,-100,4.266667,3.283962,7.2,2.533333,2.8,6.9,7.466667,5.6,2.607409,3.633333,4.3,3.966667,4.895641,2.9,6.5,5.6,3.3,11.8,8.3,-100,8.766666,4.3,3.8
